month,rows,missing_customer_rows,known_customers,missing_customer_pct
2009-12,45228,13468,1045,29.778013619881488
2010-01,31555,9116,786,28.88924100776422
2010-02,29388,5482,807,18.653872328841704
2010-03,41511,8397,1111,20.22837320228373
2010-04,34057,6224,998,18.275244443139442
2010-05,35323,5719,1062,16.190584038728307
2010-06,39983,8033,1095,20.091038691443863
2010-07,33383,5637,988,16.885840098253603
2010-08,33306,6364,964,19.10766828799616
2010-09,42091,6705,1202,15.929771209997387
2010-10,59098,8537,1577,14.445497309553623
2010-11,78015,16525,1683,21.181824008203552
2010-12,65004,23351,948,35.92240477509077
2011-01,35147,13235,783,37.656129968418355
2011-02,27707,7344,798,26.505937127801637
2011-03,36748,8926,1020,24.289757265701535
2011-04,29916,6718,899,22.456210723358737
2011-05,37030,8122,1079,21.933567377801783
2011-06,36874,9038,1051,24.510495199869826
2011-07,39518,12016,993,30.406397084872715
2011-08,35284,7622,980,21.60185919963723
2011-09,50226,9404,1302,18.723370365945925
2011-10,60742,10047,1425,16.54044977116328
2011-11,84711,19113,1711,22.562595176541418
2011-12,25526,7864,686,30.807803807882163
