cutoff,horizon_days,label_end_exclusive,fully_observed,historical_customers,active_within_365d_customers,returned_customers,inactivity_pct_all_history,inactivity_pct_active_365d,future_positive_sales_revenue_gbp
2010-06-01,90,2010-08-30,True,2684,2684,1334.0,50.298062593144564,50.298062593144564,1482349.25
2010-06-01,180,2010-11-28,True,2684,2684,1914.0,28.688524590163933,28.688524590163933,3560078.1700000004
2010-09-01,90,2010-11-30,True,3299,3299,1924.0,41.67929675659291,41.67929675659291,2335388.21
2010-09-01,180,2011-02-28,True,3299,3299,2133.0,35.34404364959079,35.34404364959079,3654497.98
2010-12-01,90,2011-03-01,True,4239,4239,1407.0,66.80820948336871,66.80820948336871,1436381.72
2010-12-01,180,2011-05-30,True,4239,4239,2040.0,51.87544232130219,51.87544232130219,2826826.9499999993
2011-03-01,90,2011-05-30,True,4512,4260,1585.0,64.87145390070921,63.12206572769953,1471787.06
2011-03-01,180,2011-08-28,True,4512,4260,2091.0,53.65691489361703,51.502347417840376,3047257.61
2011-06-01,90,2011-08-30,True,4908,4324,1617.0,67.05378973105135,63.3672525439408,1658725.61
2011-06-01,180,2011-11-28,True,4908,4324,2526.0,48.53300733496332,43.47826086956522,4153105.16
2011-09-01,90,2011-11-30,True,5224,4324,2236.0,57.19754977029097,50.462534690101755,2690459.87
2011-09-01,180,2012-02-28,False,5224,4324,,,,
