task,model,split,cutoff,n_customers,actual_revenue_gbp,predicted_revenue_gbp,aggregate_bias_gbp,aggregate_bias_pct,mae_gbp,rmse_gbp,revenue_capture_at_capacity,actual_at_capacity_gbp,bg_nbd_a,bg_nbd_finite_expectation,gamma_gamma_q,gamma_gamma_finite_mean,gamma_gamma_population_mean_gbp,gamma_gamma_spend_mode,repeat_buyers_for_gamma
future_revenue_90d,BG_NBD_x_Gamma_Gamma,forecast_origin,2010-06-01,2684,1487160.26,1518381.7543369038,31221.494336903794,0.020994034857348725,446.99020499952184,1494.9641668601755,0.5507233363000165,819013.86,0.0009118819655545162,False,3.28741520206417,True,434.700603906918,population_mean_and_individual_posterior,1424
future_revenue_6m,BG_NBD_x_Gamma_Gamma,forecast_origin,2010-06-01,2684,3662157.8500000006,2897437.2557559786,-764720.5942440219,-0.20881693951122882,891.0665948566856,2983.518445699459,0.5288617119548792,1936775.0699999998,0.0009118819655545162,False,3.28741520206417,True,434.700603906918,population_mean_and_individual_posterior,1424
future_revenue_90d,BG_NBD_x_Gamma_Gamma,forecast_origin,2010-09-01,3299,2343893.8600000003,1638941.8155890922,-704952.0444109081,-0.3007610781534741,525.4096728717083,1808.1909937519447,0.5037810287194489,1180809.26,0.0017737319678538986,False,3.3406709724429207,True,418.7004824495618,population_mean_and_individual_posterior,1950
future_revenue_6m,BG_NBD_x_Gamma_Gamma,forecast_origin,2010-09-01,3299,3676127.16,3212945.792419039,-463181.36758096097,-0.12599710168376246,785.1210012392119,2865.1426667594496,0.5190312812791819,1908024.9900000002,0.0017737319678538986,False,3.3406709724429207,True,418.7004824495618,population_mean_and_individual_posterior,1950
future_revenue_90d,BG_NBD_x_Gamma_Gamma,forecast_origin,2010-12-01,4239,1440448.12,2191952.380859458,751504.2608594578,0.5217156039326551,395.41098496632435,1516.3170092117077,0.5952578771111867,857438.09,0.0009118819655545162,False,3.4764267428198092,True,427.30396448262735,population_mean_and_individual_posterior,2747
future_revenue_6m,BG_NBD_x_Gamma_Gamma,forecast_origin,2010-12-01,4239,2846836.1999999997,4243212.795663225,1396376.5956632257,0.4905012082055251,656.7663409029166,2281.508047897816,0.597251475163903,1700277.1199999999,0.0009118819655545162,False,3.4764267428198092,True,427.30396448262735,population_mean_and_individual_posterior,2747
future_revenue_90d,BG_NBD_x_Gamma_Gamma,forecast_origin,2011-03-01,4512,1474684.72,1929800.1220549077,455115.40205490775,0.3086187819555815,311.5116386375343,1023.3182613001901,0.6025521780682721,888574.49,0.043490342151124954,False,3.393889523599339,True,418.5661810669872,population_mean_and_individual_posterior,2966
future_revenue_6m,BG_NBD_x_Gamma_Gamma,forecast_origin,2011-03-01,4512,3089415.25,3924931.232381333,835515.9823813331,0.27044470062136616,564.6428577081475,1758.7467302677967,0.6294272063297415,1944562.0099999998,0.043490342151124954,False,3.393889523599339,True,418.5661810669872,population_mean_and_individual_posterior,2966
future_revenue_90d,BG_NBD_x_Gamma_Gamma,forecast_origin,2011-06-01,4908,1661870.79,1845955.4074960942,184084.6174960942,0.11076951265031514,284.70338526091246,973.665510565483,0.6598206711365328,1096536.7,0.08653722092395578,False,3.3951572552600737,True,407.3897117125689,population_mean_and_individual_posterior,3302
future_revenue_6m,BG_NBD_x_Gamma_Gamma,forecast_origin,2011-06-01,4908,4272229.46,3721697.06496141,-550532.3950385898,-0.1288630210977923,570.5460659253253,2542.490055724386,0.634418833392905,2710382.83,0.08653722092395578,False,3.3951572552600737,True,407.3897117125689,population_mean_and_individual_posterior,3302
future_revenue_90d,BG_NBD_x_Gamma_Gamma,forecast_origin,2011-09-01,5224,2699494.19,1816903.1951401196,-882590.9948598803,-0.326946802897131,373.34671835270933,1956.5018973486644,0.6037506455977962,1629821.3599999999,0.1161404998428313,False,3.4024205685798745,True,398.94783847177035,population_mean_and_individual_posterior,3575
