task,model,split,cutoff,n_customers,positive_rate,precision_at_capacity,recall_at_capacity,contact_capacity_fraction,precision_threshold_0_5,recall_threshold_0_5,f1_threshold_0_5,average_precision,roc_auc,brier_score,log_loss,seed,best_epoch,seeds,median_best_epoch
inactivity,prevalence_baseline,development,2011-03-01,4512,0.6487145390070922,0.5022123893805309,0.07755380936112061,0.10017730496453901,0.6487145390070922,1.0,0.7869337276515661,0.6487145390070922,0.5,0.23892645550317296,0.6709484798775558,,,,
inactivity,recency_logistic,development,2011-03-01,4512,0.6487145390070922,0.8938053097345132,0.13802528185855825,0.10017730496453901,0.7478787878787879,0.8431841475913905,0.7926770515497029,0.8194772208541683,0.7309299149978606,0.19752355652691894,0.5797310151872238,,,,
inactivity,logistic_regression,development,2011-03-01,4512,0.6487145390070922,0.8915929203539823,0.1376836351212846,0.10017730496453901,0.7874756651524983,0.8291766313631704,0.8077883175237144,0.840840511225416,0.7783775336554368,0.17670950780317143,0.5310243974497364,,,,
inactivity,logistic_gam,development,2011-03-01,4512,0.6487145390070922,0.8893805309734514,0.13734198838401093,0.10017730496453901,0.7869336835193697,0.8189272292449608,0.802611752887996,0.8319889776998259,0.7727096466165657,0.1804464178637339,0.5428057438416035,,,,
inactivity,random_forest,development,2011-03-01,4512,0.6487145390070922,0.8783185840707964,0.13563375469764263,0.10017730496453901,0.786970684039088,0.8254185172531602,0.8057362014340503,0.8315245202321055,0.7744377109021954,0.17880630550844231,0.5394809490558018,,,,
inactivity,xgboost,development,2011-03-01,4512,0.6487145390070922,0.8805309734513275,0.1359754014349163,0.10017730496453901,0.7805573147561748,0.8421592073795695,0.8101889893179951,0.8299514577049502,0.7725855975961864,0.17705811082346137,0.5324453973205691,,,,
inactivity,pooled_purchase_hazard,development,2011-03-01,4512,0.6487145390070922,0.8893805309734514,0.13734198838401093,0.10017730496453901,0.7892857142857143,0.8305432183122651,0.8093890461128683,0.8450516923529139,0.7823190808086142,0.17540984091874387,0.529469008863686,,,,
inactivity,mlp_weekly,development_seed,2011-03-01,4512,0.6487145390070922,0.8805309734513275,0.1359754014349163,0.10017730496453901,0.7766624843161857,0.8459173214895798,0.8098119378577269,0.8367548824433851,0.7709637994565983,0.1766191990043135,0.5314237783025524,20261001.0,6.0,,
inactivity,mlp_weekly,development_seed,2011-03-01,4512,0.6487145390070922,0.8827433628318584,0.13631704817218995,0.10017730496453901,0.779102604330091,0.8483088486504954,0.8122342165521753,0.8367959989740406,0.7715185173609351,0.1764628325119632,0.5314212696566689,20261002.0,5.0,,
inactivity,mlp_weekly,development_seed,2011-03-01,4512,0.6487145390070922,0.8827433628318584,0.13631704817218995,0.10017730496453901,0.7766687461010605,0.850700375811411,0.8120006522093592,0.8376837442963809,0.7727421946653532,0.17624006293041788,0.5306650281592014,20261003.0,8.0,,
inactivity,mlp_weekly,development_ensemble,2011-03-01,4512,0.6487145390070922,0.8871681415929203,0.13700034164673727,0.10017730496453901,0.776844070961718,0.852750256235053,0.8130293159609121,0.8375258164212687,0.7724474300513332,0.1761375009003389,0.5304888757009137,,,3.0,6.0
inactivity,gru_weekly,development_seed,2011-03-01,4512,0.6487145390070922,0.8915929203539823,0.1376836351212846,0.10017730496453901,0.7811437403400309,0.8633413050905364,0.8201882505679974,0.8437671133591045,0.7819209599734442,0.17298761678698846,0.5247096423012944,20261001.0,5.0,,
inactivity,gru_weekly,development_seed,2011-03-01,4512,0.6487145390070922,0.8938053097345132,0.13802528185855825,0.10017730496453901,0.7885406774295664,0.8510420225486847,0.8186000657246139,0.8445221861929224,0.7834321809671513,0.1731683863933511,0.5229985694007967,20261002.0,14.0,,
inactivity,gru_weekly,development_seed,2011-03-01,4512,0.6487145390070922,0.8915929203539823,0.1376836351212846,0.10017730496453901,0.7885350318471338,0.8459173214895798,0.816218889072029,0.8431021141099118,0.7809144492859368,0.17455259737275577,0.5262796322408038,20261003.0,12.0,,
inactivity,gru_weekly,development_ensemble,2011-03-01,4512,0.6487145390070922,0.8915929203539823,0.1376836351212846,0.10017730496453901,0.7863436123348018,0.8537751964468739,0.8186732186732186,0.843985869137635,0.7823687650817636,0.1734005279222777,0.5238496175197315,,,3.0,12.0
inactivity,lstm_weekly,development_seed,2011-03-01,4512,0.6487145390070922,0.8871681415929203,0.13700034164673727,0.10017730496453901,0.7850438047559449,0.8571916638196105,0.8195329087048833,0.8430660023960022,0.7826462856964259,0.17306842246479628,0.5233878934326052,20261001.0,9.0,,
inactivity,lstm_weekly,development_seed,2011-03-01,4512,0.6487145390070922,0.8871681415929203,0.13700034164673727,0.10017730496453901,0.7890228426395939,0.84967543559959,0.8182266820200691,0.844243070884155,0.7834250678174163,0.17323165943097407,0.5243018060801734,20261002.0,8.0,,
inactivity,lstm_weekly,development_seed,2011-03-01,4512,0.6487145390070922,0.8915929203539823,0.1376836351212846,0.10017730496453901,0.7802163833075734,0.8623163648787154,0.8192145407335281,0.8433076791063998,0.780677559844761,0.17314717616663483,0.5225189139768313,20261003.0,31.0,,
inactivity,lstm_weekly,development_ensemble,2011-03-01,4512,0.6487145390070922,0.8871681415929203,0.13700034164673727,0.10017730496453901,0.7858934169278997,0.8565083703450632,0.8196828510707863,0.8442499386460377,0.782682929195061,0.1729360797921535,0.5224617503768839,,,3.0,9.0
inactivity,prevalence_baseline,calibration_raw,2011-06-01,4908,0.6705378973105135,0.5458248472505092,0.08143421452446065,0.10004074979625102,0.6705378973105135,1.0,0.8027808269301134,0.6705378973105135,0.5,0.22989000131988155,0.6526595189067639,,,,
inactivity,prevalence_baseline,calibration_platt,2011-06-01,4908,0.6705378973105135,0.5458248472505092,0.08143421452446065,0.10004074979625102,0.6705378973105135,1.0,0.8027808269301134,0.6705378973105135,0.5,0.22091682565759266,0.6337970505624856,,,,
inactivity,prevalence_baseline,final_test_raw,2011-09-01,5224,0.5719754977029097,0.4321223709369025,0.07563587684069611,0.10011485451761103,0.5719754977029097,1.0,0.7277155382367267,0.5719754977029097,0.5,0.2448342391862713,0.6827802446985812,,,,
inactivity,prevalence_baseline,final_test_platt,2011-09-01,5224,0.5719754977029097,0.4321223709369025,0.07563587684069611,0.10011485451761103,0.5719754977029097,1.0,0.7277155382367267,0.5719754977029097,0.5,0.2545323482146829,0.7038334466110954,,,,
inactivity,recency_logistic,calibration_raw,2011-06-01,4908,0.6705378973105135,0.955193482688391,0.14250987541780613,0.10004074979625102,0.7879566210045662,0.8389547250075965,0.8126563649742458,0.8674135495216043,0.7744186042141505,0.17719505240062877,0.5295398016260812,,,,
inactivity,recency_logistic,calibration_platt,2011-06-01,4908,0.6705378973105135,0.955193482688391,0.14250987541780613,0.10004074979625102,0.7969393761035903,0.8228501975083561,0.8096875467184931,0.8674135495216043,0.7744186042141505,0.17658260408421994,0.5288734977719629,,,,
inactivity,recency_logistic,final_test_raw,2011-09-01,5224,0.5719754977029097,0.9082217973231358,0.15896921017402946,0.10011485451761103,0.6767441860465117,0.8765060240963856,0.7637795275590551,0.8009766855524835,0.7599995988725325,0.21374974277667574,0.6333831634064315,,,,
inactivity,recency_logistic,final_test_platt,2011-09-01,5224,0.5719754977029097,0.9082217973231358,0.15896921017402946,0.10011485451761103,0.6830368993894346,0.8611111111111112,0.7618060695780903,0.8009766855524835,0.7599995988725325,0.21372905595593417,0.6414938508502893,,,,
inactivity,logistic_regression,calibration_raw,2011-06-01,4908,0.6705378973105135,0.945010183299389,0.140990580370708,0.10004074979625102,0.7993570854540584,0.9067152841081738,0.8496583143507973,0.8892307901796288,0.8214746576512431,0.15368408793209865,0.4737386681626169,,,,
inactivity,logistic_regression,calibration_platt,2011-06-01,4908,0.6705378973105135,0.945010183299389,0.140990580370708,0.10004074979625102,0.8004303388918773,0.9042844120328167,0.8491938935654159,0.8892307901796288,0.8214746576512431,0.15219841375770454,0.46767107906580724,,,,
inactivity,logistic_regression,final_test_raw,2011-09-01,5224,0.5719754977029097,0.9082217973231358,0.15896921017402946,0.10011485451761103,0.6923270440251572,0.9210174029451138,0.7904638805112739,0.8187902176173574,0.7975431840660195,0.1878536802763267,0.5566515060644128,,,,
inactivity,logistic_regression,final_test_platt,2011-09-01,5224,0.5719754977029097,0.9082217973231358,0.15896921017402946,0.10011485451761103,0.6943882709807887,0.9193440428380187,0.7911866359447005,0.8187902176173574,0.7975431840660197,0.19248931071505612,0.5765281627370671,,,,
inactivity,logistic_gam,calibration_raw,2011-06-01,4908,0.6705378973105135,0.9572301425661914,0.14281373442722578,0.10004074979625102,0.8005984766050055,0.894257064721969,0.8448399598105354,0.8865291036550075,0.8171375729651548,0.15477302959397793,0.475769086646148,,,,
inactivity,logistic_gam,calibration_platt,2011-06-01,4908,0.6705378973105135,0.9572301425661914,0.14281373442722578,0.10004074979625102,0.7948649371489703,0.9030689759951382,0.8455192034139403,0.8865291036550075,0.8171375729651548,0.1535638287256842,0.4723320452669228,,,,
inactivity,logistic_gam,final_test_raw,2011-09-01,5224,0.5719754977029097,0.8967495219885278,0.1569611780455154,0.10011485451761103,0.6935807422266801,0.9257028112449799,0.7930045871559633,0.813260994114792,0.7969217358402003,0.18737470125873457,0.5627001828088831,,,,
inactivity,logistic_gam,final_test_platt,2011-09-01,5224,0.5719754977029097,0.8967495219885278,0.1569611780455154,0.10011485451761103,0.6883915395966552,0.9367469879518072,0.7935922880635101,0.8132609941147921,0.7969218855146285,0.19296786445549236,0.5845677708170934,,,,
inactivity,random_forest,calibration_raw,2011-06-01,4908,0.6705378973105135,0.9470468431771895,0.14129443938012762,0.10004074979625102,0.7933753943217665,0.9170464904284412,0.8507399577167019,0.8812908482292675,0.8156590555340393,0.15367732540755732,0.4741248357922081,,,,
inactivity,random_forest,calibration_platt,2011-06-01,4908,0.6705378973105135,0.9470468431771895,0.14129443938012762,0.10004074979625102,0.7944048561625758,0.9146156183530841,0.8502824858757062,0.8812908482292675,0.8156590555340393,0.1524052014971981,0.4704718883195356,,,,
inactivity,random_forest,final_test_raw,2011-09-01,5224,0.5719754977029097,0.9063097514340345,0.15863453815261044,0.10011485451761103,0.6865853658536586,0.9421017402945113,0.7943002257336343,0.8173157566502047,0.7994363410709027,0.1888621295938188,0.5604809577961262,,,,
inactivity,random_forest,final_test_platt,2011-09-01,5224,0.5719754977029097,0.9063097514340345,0.15863453815261044,0.10011485451761103,0.6869033047735618,0.9390896921017403,0.7934398416513502,0.8173157566502047,0.7994363410709027,0.19247135901477064,0.5758958986274508,,,,
inactivity,xgboost,calibration_raw,2011-06-01,4908,0.6705378973105135,0.9511201629327902,0.1419021573989669,0.10004074979625102,0.788914788914789,0.9255545426921908,0.8517897091722595,0.8817225236440521,0.8191496758367445,0.15303727412580245,0.4726017024001309,,,,
inactivity,xgboost,calibration_platt,2011-06-01,4908,0.6705378973105135,0.9511201629327902,0.1419021573989669,0.10004074979625102,0.7941716986085586,0.9191735034943787,0.852112676056338,0.8817225236440521,0.8191496758367445,0.15179240152036982,0.4684643749095964,,,,
inactivity,xgboost,final_test_raw,2011-09-01,5224,0.5719754977029097,0.9139579349904398,0.15997322623828647,0.10011485451761103,0.683009708737864,0.9417670682730924,0.7917839054586382,0.8235534917188998,0.8005480478862378,0.18914889751751388,0.5597965343562489,,,,
inactivity,xgboost,final_test_platt,2011-09-01,5224,0.5719754977029097,0.9139579349904398,0.15997322623828647,0.10011485451761103,0.6857422352653461,0.9384203480589023,0.7924261692807687,0.8235534917188998,0.8005480478862378,0.19223538759334685,0.5744684005881056,,,,
inactivity,pooled_purchase_hazard,calibration_raw,2011-06-01,4908,0.6705378973105135,0.9429735234215886,0.14068672136128837,0.10004074979625102,0.8039641596524573,0.8997265268915223,0.8491540005735589,0.888963884719284,0.8218882591847821,0.15374935685875987,0.474302101962133,,,,
inactivity,pooled_purchase_hazard,calibration_platt,2011-06-01,4908,0.6705378973105135,0.9429735234215886,0.14068672136128837,0.10004074979625102,0.8027560118886787,0.9027651169857186,0.8498283752860412,0.888963884719284,0.8218882591847821,0.1519871310753854,0.4675739694360743,,,,
inactivity,pooled_purchase_hazard,final_test_raw,2011-09-01,5224,0.5719754977029097,0.8967495219885278,0.1569611780455154,0.10011485451761103,0.6947903430749682,0.9149933065595717,0.7898309981222014,0.818255773571807,0.7970592866397013,0.18742539790340113,0.5558281267503807,,,,
inactivity,pooled_purchase_hazard,final_test_platt,2011-09-01,5224,0.5719754977029097,0.8967495219885278,0.1569611780455154,0.10011485451761103,0.6933603649265079,0.9156626506024096,0.7891548889529852,0.818255773571807,0.7970592866397013,0.19292435643291433,0.5781163425543484,,,,
inactivity,mlp_weekly,calibration_raw,2011-06-01,4908,0.6705378973105135,0.945010183299389,0.140990580370708,0.10004074979625102,0.7955271565495208,0.9079307201458523,0.8480204342273308,0.8796162926301424,0.8130682675545288,0.1550613323179635,0.4789332779736365,,,,
inactivity,mlp_weekly,calibration_platt,2011-06-01,4908,0.6705378973105135,0.945010183299389,0.140990580370708,0.10004074979625102,0.7955756929637526,0.9070191431175935,0.8476501490841971,0.8796162926301424,0.8130682675545288,0.15321897671877913,0.472065023801637,,,,
inactivity,mlp_weekly,final_test_raw,2011-09-01,5224,0.5719754977029097,0.9024856596558317,0.15796519410977242,0.10011485451761103,0.6906421105027377,0.928714859437751,0.7921781330288324,0.8116945242571105,0.7907690691208482,0.18947540316782746,0.5598537427568288,,,,
inactivity,mlp_weekly,final_test_platt,2011-09-01,5224,0.5719754977029097,0.9024856596558317,0.15796519410977242,0.10011485451761103,0.6905650983320887,0.928380187416332,0.792005710206995,0.8116945242571105,0.7907690691208482,0.19537801182576853,0.5826437662038573,,,,
inactivity,gru_weekly,calibration_raw,2011-06-01,4908,0.6705378973105135,0.9572301425661914,0.14281373442722578,0.10004074979625102,0.794619072988812,0.9064114250987542,0.8468417317246274,0.8897343753524591,0.821815723886306,0.15371122952793223,0.4741099832783384,,,,
inactivity,gru_weekly,calibration_platt,2011-06-01,4908,0.6705378973105135,0.9572301425661914,0.14281373442722578,0.10004074979625102,0.7945169017833378,0.9070191431175935,0.8470488081725313,0.8897343753524591,0.821815723886306,0.15221744333901038,0.46788031463020896,,,,
inactivity,gru_weekly,final_test_raw,2011-09-01,5224,0.5719754977029097,0.9139579349904398,0.15997322623828647,0.10011485451761103,0.6904525111884634,0.929384203480589,0.7922967189728959,0.8204996664755946,0.7967170560596589,0.18853294187253444,0.557036755500375,,,,
inactivity,gru_weekly,final_test_platt,2011-09-01,5224,0.5719754977029097,0.9139579349904398,0.15997322623828647,0.10011485451761103,0.6901093439363817,0.929384203480589,0.7920707358813462,0.8204996664755946,0.7967170560596589,0.19443145048802962,0.5797781379580521,,,,
inactivity,lstm_weekly,calibration_raw,2011-06-01,4908,0.6705378973105135,0.9572301425661914,0.14281373442722578,0.10004074979625102,0.7931764083575774,0.9112731692494682,0.8481334841628959,0.8895819606057764,0.8218959637113044,0.15375926292424352,0.47436094950858226,,,,
inactivity,lstm_weekly,calibration_platt,2011-06-01,4908,0.6705378973105135,0.9572301425661914,0.14281373442722578,0.10004074979625102,0.7945715806279936,0.9073230021270131,0.847212370549014,0.8895819606057764,0.8218959637113044,0.15214745994072087,0.4675071863030578,,,,
inactivity,lstm_weekly,final_test_raw,2011-09-01,5224,0.5719754977029097,0.9063097514340345,0.15863453815261044,0.10011485451761103,0.6893060014818474,0.9340696117804551,0.7932357538723888,0.818580657241285,0.796155178256257,0.18924649213324674,0.5591438125321966,,,,
inactivity,lstm_weekly,final_test_platt,2011-09-01,5224,0.5719754977029097,0.9063097514340345,0.15863453815261044,0.10011485451761103,0.6906063618290258,0.9300535475234271,0.7926411865373645,0.8185806572412849,0.796155178256257,0.1946388324497272,0.5813886674911042,,,,
