model,cutoff,horizon,split,status,n_customers,actual_revenue_gbp,predicted_revenue_gbp,aggregate_bias_gbp,aggregate_bias_pct,mae_gbp,rmse_gbp,revenue_capture_at_capacity,actual_at_capacity_gbp,tweedie_deviance_p1_5,training_seconds,interval_90_coverage,interval_90_mean_width_gbp
recent_spend,2011-06-01,6m,retrospective_test,completed,4908,4272229.46,3234700.0903333332,-1037529.3696666667,-0.24285431748946057,574.5946685004076,3059.6653739266426,0.6147274308622926,2626256.6399999997,345755.65715639177,0.08745880000060424,,
xgboost_tweedie,2011-06-01,6m,retrospective_test,completed,4908,4272229.46,2795631.6143751144,-1476597.8456248855,-0.3456269986080957,585.211900987423,3096.5768439458925,0.609076821449567,2602115.94,47.065234617720904,1.295320500001253,,
xgboost_enriched_monthly,2011-06-01,6m,retrospective_test,completed,4908,4272229.46,4918337.289539337,646107.8295393372,0.15123434627955054,632.4210419114975,2483.9557068470613,0.6144474576044893,2625060.5300000003,47.42901052352553,2.7793817999991006,,
hurdle_gamma_hist,2011-06-01,6m,retrospective_test,completed,4908,4272229.46,4296357.970378898,24128.51037889812,0.005647756190253443,628.2303313470763,3047.549582863233,0.6271603000462433,2679372.71,46.10505243234747,8.216702300000179,,
tweedie_gam,2011-06-01,6m,retrospective_test,completed,4908,4272229.46,106568837.62324499,102296608.16324499,23.9445491214896,21117.310697684592,68675.84572425285,0.10552557727084257,450829.48,236.13758535146346,0.9517422000026272,,
hurdle_gamma_gam,2011-06-01,6m,retrospective_test,completed,4908,4272229.46,6178373.5577395335,1906144.0977395335,0.44617081446265144,766.7421880774597,2575.1323091383965,0.6308173391042531,2694996.42,54.62549789448517,0.947767699999531,,
hurdle_ngboost_lognormal,2011-06-01,6m,retrospective_test,completed,4908,4272229.46,4778741.065493556,506511.6054935558,0.11855908261387153,628.3066869158481,2607.5420202503155,0.6286275152458688,2685640.9899999998,46.12692856353545,132.44279989999995,0.9698451507742462,2600.060894446091
lstm_hurdle_lognormal,2011-06-01,6m,retrospective_test,completed,4908,4272229.46,6975087.026584625,2702857.5665846253,0.6326573963058214,809.9791107864816,2522.534160514122,0.6383413591272786,2727140.76,48.52712023756146,44.44889630000034,0.9466177669111654,3484.344570930616
bg_nbd_gamma_gamma,2011-06-01,6m,retrospective_test,completed,4908,4272229.46,3721697.06496141,-550532.3950385898,-0.1288630210977923,570.5460659253253,2542.490055724386,0.634418833392905,2710382.83,44.90503369383544,1.3074391999980435,,
pareto_nbd_gamma_gamma,2011-06-01,6m,retrospective_test,completed,4908,4272229.46,3671491.0955627076,-600738.3644372923,-0.14061472354466942,571.8034785100182,2592.0611092276267,0.6349919674024251,2712831.39,44.78748676560981,13.106723300003068,,
pareto_nbd_seasonal_gamma_gamma,2011-06-01,6m,retrospective_test,completed,4908,4272229.46,3826267.710482764,-445961.7495172359,-0.10438618845094427,573.0452089803526,2540.6935325942777,0.6336272303126714,2707000.92,44.77187529123766,26.31652799999938,,
