model,cutoff,horizon,split,status,n_customers,actual_revenue_gbp,predicted_revenue_gbp,aggregate_bias_gbp,aggregate_bias_pct,mae_gbp,rmse_gbp,revenue_capture_at_capacity,actual_at_capacity_gbp,tweedie_deviance_p1_5,training_seconds,interval_90_coverage,interval_90_mean_width_gbp,selection_eligible_origin
recent_spend,2010-12-01,6m,development,completed,4239,2846836.2,4795728.0987777775,1948891.8987777776,0.6845816765916416,728.9531104558203,2874.5269691233543,0.5901239277482844,1679986.16,85524.01870458988,0.2285867999999027,,,True
xgboost_tweedie,2010-12-01,6m,development,completed,4239,2846836.2,6139556.827636719,3292720.627636719,1.1566245460967228,999.1882812258104,3031.8048088150235,0.5960389712622033,1696825.3199999998,62.14926103971631,2.737711899997521,,,True
xgboost_enriched_monthly,2010-12-01,6m,development,completed,4239,2846836.2,6055263.640708923,3208427.440708924,1.1270151196998703,982.6698201188548,2879.6685740147327,0.5985958306979517,1704104.28,61.91561206287244,0.705845299999055,,,True
hurdle_gamma_hist,2010-12-01,6m,development,completed,4239,2846836.2,6363543.8984433,3516707.698443301,1.2353038430673675,1068.5859164952003,2900.210105325468,0.6013890648151798,1712056.16,66.3089102049845,4.969883000001573,,,True
tweedie_gam,2010-12-01,6m,development,completed,4239,2846836.2,7153231.982179124,4306395.782179125,1.512695314953184,1182.3250325555484,3640.4625414017496,0.601882890206328,1713462.0,71.54474037444501,0.2242652999993879,,,True
hurdle_gamma_gam,2010-12-01,6m,development,completed,4239,2846836.2,6780984.272446461,3934148.072446461,1.3819369278943627,1108.1939987577018,2854.9477760174896,0.6004208426182019,1709299.79,70.34024482046047,0.1976746000000275,,,True
hurdle_ngboost_lognormal,2010-12-01,6m,development,completed,4239,2846836.2,6422474.723175333,3575638.523175333,1.25600430512136,1057.7673071363022,2940.0366571500504,0.5986181572371463,1704167.84,65.888092178503,29.02832699999999,0.90139183769757,3257.189869260936,True
lstm_hurdle_lognormal,2010-12-01,6m,development,completed,4239,2846836.2,8103846.805175781,5257010.605175782,1.846615061722126,1360.0797041719998,3912.147862860573,0.600350799951188,1709100.39,77.47136663035302,7.548440300000948,0.97310686482661,5409.120534369194,True
bg_nbd_gamma_gamma,2010-12-01,6m,development,completed,4239,2846836.2,4243212.795663225,1396376.5956632255,0.4905012082055251,656.7663409029166,2281.508047897816,0.597251475163903,1700277.12,55.81226763935557,1.5300305000018852,,,True
pareto_nbd_gamma_gamma,2010-12-01,6m,development,completed,4239,2846836.2,4346174.113885794,1499337.913885794,0.5266681356257147,682.4502185360035,2236.825245753022,0.5997224427594395,1707311.56,58.42600483289885,8.997260600001027,,,True
pareto_nbd_seasonal_gamma_gamma,2010-12-01,6m,development,completed,4239,2846836.2,4174542.086954493,1327705.8869544934,0.4663794449973952,657.1364893159935,2202.562317055055,0.5997092807798355,1707274.09,57.09230376118584,18.013316500000656,,,True
recent_spend,2011-01-01,6m,retrospective_robustness,completed,4315,2846777.21,4702932.391888889,1856155.1818888888,0.6520198262683466,703.3480948113814,2852.2621329481203,0.6037266154733619,1718675.1700000002,156082.62066055954,0.0790786999968986,,,False
xgboost_tweedie,2011-01-01,6m,retrospective_robustness,completed,4315,2846777.21,6123878.248924255,3277101.0389242554,1.1511617514052863,1001.862191636953,2940.1400856666064,0.6027331446846872,1715846.98,64.05726641630557,0.593052299998817,,,False
xgboost_enriched_monthly,2011-01-01,6m,retrospective_robustness,completed,4315,2846777.21,6125002.287628174,3278225.077628174,1.151556597443807,1005.50210957515,3128.326620932157,0.5849841055879466,1665319.42,63.32399180668041,0.8867960999996285,,,False
hurdle_gamma_hist,2011-01-01,6m,retrospective_robustness,completed,4315,2846777.21,6058975.58830527,3212198.3783052703,1.1283631072433906,980.0496404766388,2883.288365856838,0.6037914747814073,1718859.81,62.618099001185485,3.406936200000928,,,False
tweedie_gam,2011-01-01,6m,retrospective_robustness,completed,4315,2846777.21,17052497.027336147,14205719.817336146,4.990105923089129,3382.0888329026284,9289.832362739304,0.5572173770493266,1586273.73,124.7574672733084,0.2751666000003752,,,False
hurdle_gamma_gam,2011-01-01,6m,retrospective_robustness,completed,4315,2846777.21,11442816.99647697,8596039.78647697,3.019568850095217,2088.09803591027,4933.0482617528605,0.6113564152074971,1740395.51,100.13960620600383,0.259478100000706,,,False
hurdle_ngboost_lognormal,2011-01-01,6m,retrospective_robustness,completed,4315,2846777.21,6151431.630951097,3304654.4209510973,1.16084054956696,982.9180442071952,2886.1283097082924,0.6117857638743708,1741617.77,62.63743856825857,43.858217400000285,0.9096176129779838,3048.8789614902607,False
lstm_hurdle_lognormal,2011-01-01,6m,retrospective_robustness,completed,4315,2846777.21,11349513.061187744,8502735.851187743,2.98679356477908,2082.1847864906777,9328.93958934496,0.605547924138398,1723860.0300000005,87.20232640804403,11.220552700000551,0.944380069524913,6743.69620530241,False
bg_nbd_gamma_gamma,2011-01-01,6m,retrospective_robustness,completed,4315,2846777.21,3952133.4515775,1105356.2415774995,0.3882833674847002,603.1247361315155,2324.1618184581653,0.5992303837503321,1705875.4,53.21945355216249,1.447208400000818,,,False
pareto_nbd_gamma_gamma,2011-01-01,6m,retrospective_robustness,completed,4315,2846777.21,4073683.109819924,1226905.8998199236,0.430980652616621,629.5528530896217,2285.8046465214206,0.5998078191724739,1707519.23,56.15705639757859,9.943828499999654,,,False
pareto_nbd_seasonal_gamma_gamma,2011-01-01,6m,retrospective_robustness,completed,4315,2846777.21,3832927.51959913,986150.30959913,0.3464093734258642,598.7150635913662,2250.5644050563155,0.6003835017352833,1709158.0699999998,54.74871622381636,18.385803100001795,,,False
recent_spend,2011-02-01,6m,retrospective_robustness,completed,4387,2883666.19,4643494.063333334,1759827.8733333345,0.6102744760943827,663.2335091811667,2335.7868687219006,0.619308308358673,1785878.4299999997,105782.44256357834,0.0784543000008852,,,False
xgboost_tweedie,2011-02-01,6m,retrospective_robustness,completed,4387,2883666.19,5755493.052986145,2871826.862986145,0.9958943489870944,876.0000019470868,2153.5315000326505,0.6194068322450318,1786162.54,61.34284856452148,0.5750064999992901,,,False
xgboost_enriched_monthly,2011-02-01,6m,retrospective_robustness,completed,4387,2883666.19,6053324.943031311,3169658.753031311,1.0991767230281642,917.6817300420604,2501.9465204435583,0.6147988162249806,1772874.5599999998,61.03672932484675,1.1909488999990572,,,False
hurdle_gamma_hist,2011-02-01,6m,retrospective_robustness,completed,4387,2883666.19,6029522.374191484,3145856.1841914835,1.09092244972761,908.1856790407604,2242.664107463708,0.6260793209216772,1805403.77,61.514548040576656,4.018121900000551,,,False
tweedie_gam,2011-02-01,6m,retrospective_robustness,completed,4387,2883666.19,14248049.812805375,11364383.622805376,3.9409497750519367,2692.2887684594075,9701.57960325208,0.5422599555463804,1563696.7,97.9541449296388,0.3432526000033249,,,False
hurdle_gamma_gam,2011-02-01,6m,retrospective_robustness,completed,4387,2883666.19,9089235.164959108,6205568.974959107,2.1519720266093305,1497.765063119161,3786.40445689077,0.6208873087352736,1790431.7400000002,77.97489854677836,0.3401444000010087,,,False
hurdle_ngboost_lognormal,2011-02-01,6m,retrospective_robustness,completed,4387,2883666.19,6414065.183219412,3530398.9932194124,1.2242745035684637,968.2446017488464,2727.7867463346,0.6275458325500567,1809632.7,61.20004111492021,58.48334679999971,0.9480282653293822,3528.8469732751646,False
lstm_hurdle_lognormal,2011-02-01,6m,retrospective_robustness,completed,4387,2883666.19,10660257.401763916,7776591.211763917,2.696772337495803,1850.1508184796364,8434.120148051152,0.622659701815209,1795542.73,80.18544052521422,15.462082699999884,0.9302484613631185,6447.403545759637,False
bg_nbd_gamma_gamma,2011-02-01,6m,retrospective_robustness,completed,4387,2883666.19,3672966.69703076,789300.5070307595,0.2737142425735343,524.5787661215611,1646.951795897936,0.6182494895499676,1782825.15,52.96850535572644,1.3070454000007885,,,False
pareto_nbd_gamma_gamma,2011-02-01,6m,retrospective_robustness,completed,4387,2883666.19,3870164.7940649576,986498.6040649576,0.3420987517507904,558.859081211766,1614.156499248052,0.6218186752052601,1793117.49,50.42523020952703,11.476675500001877,,,False
pareto_nbd_seasonal_gamma_gamma,2011-02-01,6m,retrospective_robustness,completed,4387,2883666.19,3564995.20515732,681329.0151573201,0.2362718048018311,532.1440306668284,1606.3101200895028,0.622191159372715,1794191.61,48.88637228656539,22.96155429999999,,,False
recent_spend,2011-03-01,6m,retrospective_robustness,completed,4512,3089415.25,4640618.592888889,1551203.342888889,0.5021025719637038,636.229706609535,2118.240292734557,0.6198749973801677,1915051.27,142043.76293058298,0.0772926999998162,,,False
xgboost_tweedie,2011-03-01,6m,retrospective_robustness,completed,4512,3089415.25,4863167.696445465,1773752.446445465,0.5741385676287657,702.5134033684359,1901.1804687273525,0.6250960695555575,1931181.33,54.29977694739988,0.8226155000011204,,,False
xgboost_enriched_monthly,2011-03-01,6m,retrospective_robustness,completed,4512,3089415.25,5715019.758804321,2625604.5088043213,0.8498710261769833,807.0491687351254,2012.8518945771143,0.6306898692236338,1948462.9,57.72038519331768,1.4685931999993045,,,False
hurdle_gamma_hist,2011-03-01,6m,retrospective_robustness,completed,4512,3089415.25,5677326.036587088,2587910.7865870884,0.8376701016760658,834.5719544398112,2092.607231197102,0.632872761277397,1955206.76,59.32093708798196,4.600607500000479,,,False
tweedie_gam,2011-03-01,6m,retrospective_robustness,completed,4512,3089415.25,31030708.20655569,27941292.95655569,9.044201149895825,6347.958829241679,26533.398890235272,0.4930411183799264,1523208.75,129.23494318302988,0.4402628000025288,,,False
hurdle_gamma_gam,2011-03-01,6m,retrospective_robustness,completed,4512,3089415.25,6982997.245444411,3893581.9954444114,1.260297396228756,1013.241502252822,2345.6195243302755,0.6300219952626958,1946399.56,66.199591127911,0.3802026999983354,,,False
hurdle_ngboost_lognormal,2011-03-01,6m,retrospective_robustness,completed,4512,3089415.25,6108042.374963524,3018627.124963524,0.9770868856051396,867.7823767601597,2740.17460548715,0.645720794574313,1994899.67,58.45018928553044,79.47732840000026,0.9603280141843972,3335.1134464983725,False
lstm_hurdle_lognormal,2011-03-01,6m,retrospective_robustness,completed,4512,3089415.25,10799692.760421753,7710277.510421753,2.495707726703865,1801.7350906771128,9579.318731585172,0.6254319583616997,1932219.0300000005,78.06658742503215,22.983623400003125,0.9363918439716312,6665.767527805905,False
bg_nbd_gamma_gamma,2011-03-01,6m,retrospective_robustness,completed,4512,3089415.25,3924931.232381333,835515.9823813331,0.2704447006213661,564.6428577081475,1758.7467302677967,0.6294272063297415,1944562.01,49.74962296370764,1.374516299998504,,,False
pareto_nbd_gamma_gamma,2011-03-01,6m,retrospective_robustness,completed,4512,3089415.25,3833283.179160783,743867.9291607826,0.2407795226494019,556.060397634651,1741.133101400444,0.6288432673464663,1942757.98,49.44468100592964,12.635534500001086,,,False
pareto_nbd_seasonal_gamma_gamma,2011-03-01,6m,retrospective_robustness,completed,4512,3089415.25,3515920.1917328346,426504.94173283456,0.1380536144284374,530.108182383784,1739.9346185319698,0.6299155544079094,1946070.72,48.425782186206526,21.55253250000169,,,False
recent_spend,2011-04-01,6m,retrospective_robustness,completed,4691,3446129.1700000004,4373791.398333333,927662.228333333,0.2691896277159376,601.3878156754067,2316.2231660972147,0.6192043259945476,2133858.09,172949.1373892233,0.0882223999979032,,,False
xgboost_tweedie,2011-04-01,6m,retrospective_robustness,completed,4691,3446129.1700000004,4977651.371032715,1531522.2010327145,0.4444181066586991,696.5925818891816,2451.3394455049383,0.623933574144001,2150155.69,52.72519604234497,0.8417157000003499,,,False
xgboost_enriched_monthly,2011-04-01,6m,retrospective_robustness,completed,4691,3446129.1700000004,5525090.41960144,2078961.24960144,0.6032743252051228,756.8417526995859,2202.369955680956,0.629183618210109,2168248.02,55.33711629737951,1.788822499998787,,,False
hurdle_gamma_hist,2011-04-01,6m,retrospective_robustness,completed,4691,3446129.1700000004,5484533.918753587,2038404.7487535863,0.5915056134571955,765.7666232961665,2395.4530925246304,0.6342489564893471,2185703.83,56.11145734193192,5.650048200001038,,,False
tweedie_gam,2011-04-01,6m,retrospective_robustness,completed,4691,3446129.1700000004,51671255.40967232,48225126.23967232,13.993998443091533,10482.760873404084,37242.089123098005,0.4060128715372558,1399172.8,168.16896584758166,0.5606111999986751,,,False
hurdle_gamma_gam,2011-04-01,6m,retrospective_robustness,completed,4691,3446129.1700000004,7243302.914078256,3797173.744078256,1.101866342426815,1018.7041150344636,2946.7581479887685,0.6357446462170772,2190858.17,64.50057153608986,0.5345194000001356,,,False
hurdle_ngboost_lognormal,2011-04-01,6m,retrospective_robustness,completed,4691,3446129.1700000004,5915379.080952132,2469249.910952132,0.7165285423564467,838.8109658144855,6856.793049436796,0.6426702107628774,2214724.56,54.97694461104695,102.3764551000022,0.9678107013429972,3140.5211520462312,False
lstm_hurdle_lognormal,2011-04-01,6m,retrospective_robustness,completed,4691,3446129.1700000004,9636786.880104063,6190657.710104065,1.7964090736924014,1434.3706727110557,6312.09974744763,0.6238041071455251,2149709.53,70.65511901610304,22.97786940000151,0.9283734811340866,5178.2649606890745,False
bg_nbd_gamma_gamma,2011-04-01,6m,retrospective_robustness,completed,4691,3446129.1700000004,3819365.632270802,373236.4622708014,0.1083059989509335,543.6048055490764,2002.130300846664,0.6318882730678375,2177568.6100000003,48.297196229985474,0.8599571999984619,,,False
pareto_nbd_gamma_gamma,2011-04-01,6m,retrospective_robustness,completed,4691,3446129.1700000004,3752536.723072812,306407.5530728116,0.0889135426902212,540.0510127412592,2023.5308671765647,0.6307162247200385,2173529.58,48.10441911688632,8.808665399999882,,,False
pareto_nbd_seasonal_gamma_gamma,2011-04-01,6m,retrospective_robustness,completed,4691,3446129.1700000004,3463484.914203377,17355.74420337705,0.0050363011214048,529.1870161075362,2110.84770188365,0.631859655452207,2177469.99,48.03728619913169,23.10779869999897,,,False
recent_spend,2011-05-01,6m,retrospective_robustness,completed,4797,3902684.57,3839466.6973333335,-63217.87266666675,-0.0161985606401869,601.8269383642554,2997.237530163221,0.6249240737382985,2438881.54,242224.04218359373,0.0801084000013361,,,False
xgboost_tweedie,2011-05-01,6m,retrospective_robustness,completed,4797,3902684.57,4829731.912540436,927047.3425404356,0.2375409351979567,686.2499303093855,3309.2068866911163,0.627202743674465,2447774.47,49.85648573272432,0.8516305000011926,,,False
xgboost_enriched_monthly,2011-05-01,6m,retrospective_robustness,completed,4797,3902684.57,5283001.558784485,1380316.9887844846,0.353683974204578,709.4520948405025,2769.026273715368,0.6274698700540894,2448816.98,51.74734150480144,2.1213992000011785,,,False
hurdle_gamma_hist,2011-05-01,6m,retrospective_robustness,completed,4797,3902684.57,5058414.092511567,1155729.522511567,0.2961370568853241,719.180439503075,3180.104842843042,0.6311129264541099,2463034.68,52.63033595673661,6.259353999997984,,,False
tweedie_gam,2011-05-01,6m,retrospective_robustness,completed,4797,3902684.57,58475343.76474953,54572659.19474953,13.983364070529923,11703.878226136345,39500.08452486572,0.1522132417686013,594040.27,176.130465681982,0.7207631000019319,,,False
hurdle_gamma_gam,2011-05-01,6m,retrospective_robustness,completed,4797,3902684.57,5858528.234646299,1955843.6646462984,0.5011534059608355,767.0691375160955,2656.769048851337,0.6400226421578313,2497806.49,53.64625411932329,0.6832425999964471,,,False
hurdle_ngboost_lognormal,2011-05-01,6m,retrospective_robustness,completed,4797,3902684.57,5659628.422440177,1756943.8524401763,0.4501885358467944,768.1809519955194,3148.4814685409874,0.6379472681800671,2489706.96,52.7177818653731,124.02366529999928,0.9681050656660412,3001.707485474751,False
lstm_hurdle_lognormal,2011-05-01,6m,retrospective_robustness,completed,4797,3902684.57,8698630.964878082,4795946.394878082,1.2288839410042511,1167.252131164468,4041.50593319126,0.6421641834097803,2506164.25,59.6267960116892,38.51195889999872,0.9399624765478424,4614.818160869359,False
bg_nbd_gamma_gamma,2011-05-01,6m,retrospective_robustness,completed,4797,3902684.57,3752211.8146372135,-150472.75536278682,-0.038556217563539,567.9994085622114,2521.275039757624,0.6474970714837965,2526976.83,45.22925975374788,1.2979288000024098,,,False
pareto_nbd_gamma_gamma,2011-05-01,6m,retrospective_robustness,completed,4797,3902684.57,3695272.5984777175,-207411.9715222828,-0.053145973701452,567.3499177207224,2568.4032371368858,0.6486860940442337,2531617.21,45.03721489338092,11.238629199997376,,,False
pareto_nbd_seasonal_gamma_gamma,2011-05-01,6m,retrospective_robustness,completed,4797,3902684.57,3623232.0391943785,-279452.53080562176,-0.0716052055433272,567.0164110931054,2618.8053788414936,0.6482349891782312,2529856.69,44.97213456367326,19.271867600000405,,,False
