model,mean_mae_gbp,mean_rmse_gbp,mean_absolute_bias_pct,mean_tweedie_deviance,mean_revenue_capture_top10,n_origins
quarterly__enriched__hurdle_hist,255.1953014383668,1045.4286691595712,0.13388094378430884,38.30224244200311,0.6334912878576954,2
ensemble__monthly_hurdle_plus_xgboost,266.73987214338433,946.783814771436,0.06873413830975685,38.56676219905687,0.636893085857933,2
ensemble__quarterly_hurdle_plus_bgnbd,270.67096708715394,963.800481052627,0.06830228821150794,38.63378089684237,0.6399530496771294,2
monthly__enriched__hurdle_hist,269.28138294052076,987.5636429068613,0.0132540086230015,38.805834678013134,0.63379863800842,2
monthly__enriched__xgboost_reference,271.5748569178173,915.5919620878135,0.120671278769394,38.81761224950663,0.629908130779296,2
ensemble__monthly_hurdle_plus_frequency_severity,271.9595487342425,986.0473269758952,0.020561258879680987,38.829834065773014,0.6354988859725132,2
quarterly__enriched__poisson_hist,261.1116371110076,978.3257954361816,0.07339871189318645,38.9707768693237,0.6277479932710694,2
monthly__enriched__poisson_hist,292.1954760536584,1354.114657999985,0.1217425030675884,39.24748834144139,0.627263139247251,2
ensemble__monthly_hurdle_plus_bgnbd,280.10486505662703,951.3115408492558,0.11147407796297487,39.25921214662662,0.6398720431889737,2
monthly__enriched__tweedie_log_glm,272.0144421956197,980.7662434531762,0.14878184508505135,39.53928562570431,0.6320601613516448,2
quarterly__basic__hurdle_hist,277.10019403751727,1026.1109758538232,0.13116485685067839,39.54599918099284,0.6248055313085108,2
quarterly__enriched__tweedie_log_glm,264.59643907571945,1006.8002689261305,0.1519378751193389,39.54921794349309,0.6317779468945918,2
quarterly__enriched__frequency_severity_glm,279.5931297559381,1055.0412744447572,0.03147898813729775,39.55280448916709,0.6325795130078835,2
ensemble__xgboost_plus_bgnbd,279.65980937870887,932.3004165016839,0.11341339809250849,39.83461520251956,0.6328385508241264,2
monthly__enriched__frequency_severity_glm,282.9264256527741,1051.3129484719045,0.03155640267223195,39.86066852933658,0.6315116088317753,2
quarterly__enriched__xgboost_reference,289.4613569176611,957.9522019812526,0.20324437309524723,39.96344096663251,0.6264696612474698,2
quarterly__calendar__poisson_hist,273.8033208759247,878.4209430899073,0.10284915590454739,40.01838022259306,0.6236513145032535,2
monthly__basic__hurdle_hist,287.084011982059,1004.4233278877291,0.2040666377956148,40.03917387981444,0.6234346320612726,2
quarterly__basic__xgboost_reference,270.39481136947825,956.7912507169888,0.1279021615323837,40.06728174997915,0.6208807440124302,2
quarterly__calendar__hurdle_hist,277.95908695714286,1009.7223259956415,0.135063883329725,40.11193683028817,0.6359617546226878,2
quarterly__basic__poisson_hist,280.2838701079646,925.9665712826879,0.1460811838546305,40.273360138553485,0.6151615988506034,2
monthly__basic__xgboost_reference,281.60728360794144,970.9643044244422,0.20197959532550108,40.42819988297639,0.6223219191551913,2
quarterly__enriched__hurdle_glm,275.6438838429847,1321.013500080077,0.20691031928548914,40.496152549504565,0.627343302196008,2
monthly__calendar__xgboost_reference,301.20324427523315,918.7550120119342,0.3068374906790614,40.67143606054887,0.6275558420810661,2
monthly__calendar__hurdle_hist,306.82084383444817,1016.8598484828144,0.2656484952294303,40.682784298628334,0.6364012377139187,2
monthly__enriched__hurdle_glm,294.5539063554652,1308.990102142749,0.0738316147461643,40.9156361755842,0.6284196670957589,2
monthly__basic__poisson_hist,314.9741879922487,1527.147343053171,0.29465249152130657,41.01964187811394,0.6212427360518257,2
quarterly__basic__tweedie_log_glm,314.9230065336867,1095.0356146291504,0.24737916954482075,41.063767210719455,0.6330688070451959,2
quarterly__calendar__frequency_severity_glm,309.7651924386804,1049.3914376256832,0.22882632672809977,41.302747023415364,0.6324362626926561,2
monthly__calendar__tweedie_log_glm,316.1168989624962,1070.6730247273315,0.308980833398986,41.355656135006114,0.6295556999604619,2
quarterly__calendar__xgboost_reference,310.5423061290345,931.6067746114581,0.3287984798506589,41.410055418521324,0.6247545543235173,2
quarterly__basic__hurdle_glm,320.42092530262835,1348.5833157165039,0.20361733329275233,41.535388975779206,0.629746363703813,2
quarterly__basic__frequency_severity_glm,316.5412047601724,1090.8477563250112,0.2482006251557517,41.592381489047455,0.6328538842776099,2
monthly__calendar__poisson_hist,352.8926316885138,1918.1193854176372,0.45076286770623064,41.61102901808481,0.6150213271046299,2
quarterly__calendar__hurdle_glm,308.4240374861712,1354.1018847542596,0.12376751848070044,41.952509579489046,0.6188799426907584,2
monthly__calendar__frequency_severity_glm,323.2044875657818,1059.303494781816,0.3087517265660471,42.11867696627371,0.6322151919120242,2
quarterly__calendar__tweedie_log_glm,331.32897221958245,1146.6287927766111,0.45018730032110077,42.12159325388603,0.6310218801055894,2
monthly__basic__tweedie_log_glm,338.86099028576484,1162.4376780030516,0.38500006787911756,42.268815171435314,0.6298319789503244,2
monthly__calendar__hurdle_glm,322.47352562715014,1342.3252599475773,0.11406489854378025,42.4751659799395,0.6211237204406299,2
monthly__basic__hurdle_glm,333.9062077323903,1340.0965773176713,0.2610509490177056,42.570208133421716,0.6277108342479003,2
monthly__basic__frequency_severity_glm,333.8201013149594,1102.037533171707,0.34740796211167013,42.604269580678896,0.631062091426174,2
quarterly__calendar__median_hist,320.60587147959757,1605.2567140076649,0.8491729703175769,1069497.3813371607,0.32334394872076694,2
quarterly__enriched__median_hist,320.60587147959757,1605.2567140076649,0.8491729703175769,1069497.3813371607,0.32334394872076694,2
quarterly__basic__median_hist,320.60587147959757,1605.2567140076649,0.8491729703175769,1069497.3813371607,0.32334394872076694,2
monthly__enriched__median_hist,329.760297210344,1784.9671804211252,0.968331290133094,1278125.8437504014,0.28663335880175234,2
monthly__calendar__median_hist,329.760297210344,1784.9671804211252,0.968331290133094,1278125.8437504014,0.28663335880175234,2
monthly__basic__median_hist,329.760297210344,1784.9671804211252,0.968331290133094,1278125.8437504014,0.28663335880175234,2
