model,cutoff,n_customers,actual_revenue_gbp,predicted_revenue_gbp,aggregate_bias_gbp,aggregate_bias_pct,mae_gbp,rmse_gbp,revenue_capture_at_capacity,actual_at_capacity_gbp,tweedie_deviance_p1_5
quarterly__basic__xgboost_reference,2011-03-01,4512,1474684.72,1634119.473838091,159434.75383809092,0.1081144679101923,277.4953470661729,774.4708334895619,0.5937899390454117,875652.95,41.579137549952364
quarterly__basic__tweedie_log_glm,2011-03-01,4512,1474684.72,2202855.818398361,728171.0983983611,0.49378086618973116,349.54946576783624,1050.5391761257397,0.61347544172018,904682.86,43.96410451521488
quarterly__basic__hurdle_glm,2011-03-01,4512,1474684.72,1914482.0280099148,439797.3080099148,0.2982314131592242,336.3192212392017,1065.8116650807815,0.6053402045150369,892685.95,43.9369921256513
quarterly__basic__frequency_severity_glm,2011-03-01,4512,1474684.72,2094463.5155121044,619778.7955121044,0.4202788481541359,335.008077392459,949.4552911418307,0.6104635843789037,900241.32,43.55986486842887
quarterly__basic__hurdle_hist,2011-03-01,4512,1474684.72,1658697.7970363044,184013.0770363044,0.1247813003964023,283.24204461344266,808.7641045861441,0.5895147743851309,869348.4299999999,41.315061348890865
quarterly__basic__poisson_hist,2011-03-01,4512,1474684.72,1744233.6997115915,269548.9797115915,0.1827841409461349,291.2299450778362,754.7965169534372,0.5862313606938302,864506.43,41.4871672316495
quarterly__basic__median_hist,2011-03-01,4512,1474684.72,234331.11154507537,-1240353.6084549245,-0.8410974845219286,316.58108001534026,1398.3067478991286,0.30356098081764893,447656.74,1077814.2112006857
quarterly__calendar__xgboost_reference,2011-03-01,4512,1474684.72,2178657.6428751945,703972.9228751946,0.4773718160415974,330.8748557293965,829.0180142860773,0.5996049786153613,884228.3,43.10049055039599
quarterly__calendar__tweedie_log_glm,2011-03-01,4512,1474684.72,1213556.1768777156,-261128.54312228435,-0.17707414987135986,271.03849514377424,1005.6051274280047,0.6035117933547179,889989.62,40.47195603783849
quarterly__calendar__hurdle_glm,2011-03-01,4512,1474684.72,1308871.4830400748,-165813.23695992515,-0.11243978778048583,271.50498330408107,1089.28533679771,0.5788598935235458,853635.84,41.60515168902015
quarterly__calendar__frequency_severity_glm,2011-03-01,4512,1474684.72,1829380.4045417234,354695.68454172346,0.24052306213746044,306.60008375100807,937.6342709799567,0.6096733747943086,899076.01,41.79247705287506
quarterly__calendar__hurdle_hist,2011-03-01,4512,1474684.72,1346671.4383475813,-128013.28165241866,-0.08680722049687926,249.75343474227296,822.1985203282925,0.610947850602263,900955.46,39.71471782513299
quarterly__calendar__poisson_hist,2011-03-01,4512,1474684.72,1423315.0156845432,-51369.704315456795,-0.03483436399575415,255.0695818792921,783.124254399139,0.6040580660522474,890795.2,39.49274845170136
quarterly__calendar__median_hist,2011-03-01,4512,1474684.72,234331.11154507537,-1240353.6084549245,-0.8410974845219286,316.58108001534026,1398.3067478991286,0.30356098081764893,447656.74,1077814.2112006857
quarterly__enriched__xgboost_reference,2011-03-01,4512,1474684.72,1932354.3602638245,457669.6402638245,0.31035083910262834,300.45250695367235,869.9463229368728,0.6034494003572505,889897.6099999999,40.957140473001445
quarterly__enriched__tweedie_log_glm,2011-03-01,4512,1474684.72,1075120.9043974215,-399563.81560257846,-0.27094863748407083,268.4912311046039,1009.0114112628854,0.6052678568473945,892579.26,41.58609573071198
quarterly__enriched__hurdle_glm,2011-03-01,4512,1474684.72,1091639.2267815263,-383045.4932184736,-0.25974738059161123,259.8644711029945,1066.500560763533,0.596573978199218,879758.5299999999,42.97087828066417
quarterly__enriched__frequency_severity_glm,2011-03-01,4512,1474684.72,1438071.83228477,-36612.88771523,-0.02482760363532484,277.36666700596413,912.4512163530444,0.6074836660679579,895846.88,40.33417783483756
quarterly__enriched__hurdle_hist,2011-03-01,4512,1474684.72,1332818.572281374,-141866.14771862607,-0.09620100201392612,247.8768951550631,824.6625813046873,0.6048569961449115,891973.3699999999,39.79959064846243
quarterly__enriched__poisson_hist,2011-03-01,4512,1474684.72,1428179.8421346971,-46504.87786530284,-0.03153547143643208,258.278957590725,871.2050972995861,0.604773405396104,891850.1000000001,39.45043536077916
quarterly__enriched__median_hist,2011-03-01,4512,1474684.72,234331.11154507537,-1240353.6084549245,-0.8410974845219286,316.58108001534026,1398.3067478991286,0.30356098081764893,447656.74,1077814.2112006857
quarterly__basic__xgboost_reference,2011-06-01,4908,1661870.79,1416429.3337392807,-245441.45626071934,-0.1476898551545751,263.2942756727836,1139.1116679444158,0.6479715489794486,1076844.99,38.55542595000593
quarterly__basic__tweedie_log_glm,2011-06-01,4908,1661870.79,1663495.2236603778,1624.4336603777483,0.0009774728999104366,280.29654729953717,1139.532053132561,0.6526621723702117,1084640.2,38.16342990622403
quarterly__basic__hurdle_glm,2011-06-01,4908,1661870.79,1480721.467115897,-181149.32288410305,-0.10900325342628053,304.52262936605496,1631.3549663522265,0.6541525228925892,1087116.9700000002,39.13378582590711
quarterly__basic__frequency_severity_glm,2011-06-01,4908,1661870.79,1788376.3866099622,126505.59660996217,0.07612240215736758,298.0743321278857,1232.2402215081916,0.6552441841763162,1088931.1700000002,39.62489810966605
quarterly__basic__hurdle_hist,2011-06-01,4908,1661870.79,1433283.0997176487,-228587.69028235134,-0.13754841330495454,270.9583434615919,1243.4578471215023,0.6600962882318907,1096994.74,37.77693701309481
quarterly__basic__poisson_hist,2011-06-01,4908,1661870.79,1480098.3098803645,-181772.48011963558,-0.10937822676312614,269.337795138093,1097.1366256119386,0.6440918370073766,1070397.4100000001,39.05955304545747
quarterly__basic__median_hist,2011-06-01,4908,1661870.79,237234.6210128342,-1424636.168987166,-0.8572484561132252,324.6306629438549,1812.206680116201,0.34312691662388506,570232.6,1061180.5514736357
quarterly__calendar__xgboost_reference,2011-06-01,4908,1661870.79,1961381.691871643,299510.90187164303,0.1802251436597204,290.20975652867253,1034.195534936839,0.6499041300316735,1080056.69,39.71962028664666
quarterly__calendar__tweedie_log_glm,2011-06-01,4908,1661870.79,2863902.681529895,1202031.891529895,0.7233004507708417,391.61944929539067,1287.6524581252174,0.6585319668564606,1094395.04,43.77123046993358
quarterly__calendar__hurdle_glm,2011-06-01,4908,1661870.79,1886381.6384815343,224510.84848153428,0.13509524918091512,345.34309166826125,1618.918432710809,0.658899991857971,1095006.65,42.29986746995794
quarterly__calendar__frequency_severity_glm,2011-06-01,4908,1661870.79,2022712.1154572503,360841.32545725023,0.21712959131873918,312.9303011263527,1161.1486042714096,0.6551991505910035,1088856.33,40.81301699395567
quarterly__calendar__hurdle_hist,2011-06-01,4908,1661870.79,1966525.850874423,304655.060874423,0.1833205461625708,306.1647391720128,1197.2461316629906,0.6609756586431126,1098456.14,40.509155835443345
quarterly__calendar__poisson_hist,2011-06-01,4908,1661870.79,1945824.5939350754,283953.8039350754,0.17086394781334077,292.53705987255734,973.7176317806756,0.6432445629542596,1068989.35,40.54401199348476
quarterly__calendar__median_hist,2011-06-01,4908,1661870.79,237234.6210128342,-1424636.168987166,-0.8572484561132252,324.6306629438549,1812.206680116201,0.34312691662388506,570232.6,1061180.5514736357
quarterly__enriched__xgboost_reference,2011-06-01,4908,1661870.79,1821639.569601059,159768.77960105892,0.09613790708786626,278.4702068816498,1045.9580810256325,0.6494899221376892,1079368.33,38.96974146026358
quarterly__enriched__tweedie_log_glm,2011-06-01,4908,1661870.79,1607150.183114082,-54720.60688591795,-0.03292711275460708,260.70164704683503,1004.5891265893755,0.6582880369417891,1093989.6600000001,37.5123401562742
quarterly__enriched__hurdle_glm,2011-06-01,4908,1661870.79,1405820.9430439554,-256049.84695604467,-0.15407325797936713,291.4232965829749,1575.5264393966206,0.658112626192798,1093698.15,38.021426818344956
quarterly__enriched__frequency_severity_glm,2011-06-01,4908,1661870.79,1598503.0374989808,-63367.75250101928,-0.03813037263927076,281.819592505912,1197.6313325364697,0.6576753599478091,1092971.47,38.771431143496606
quarterly__enriched__hurdle_hist,2011-06-01,4908,1661870.79,1376758.765590125,-285112.02440987504,-0.17156088555469168,262.5137077216705,1266.1947570144553,0.6621255795704792,1100367.1600000001,36.8048942355438
quarterly__enriched__poisson_hist,2011-06-01,4908,1661870.79,1470320.3181912613,-191550.47180873877,-0.11526195234994098,263.94431663129023,1085.446493572777,0.6507225811460349,1081416.85,38.49111837786825
quarterly__enriched__median_hist,2011-06-01,4908,1661870.79,237234.6210128342,-1424636.168987166,-0.8572484561132252,324.6306629438549,1812.206680116201,0.34312691662388506,570232.6,1061180.5514736357
monthly__basic__xgboost_reference,2011-03-01,4512,1474684.72,1840401.10531044,365716.3853104401,0.24799632107833877,296.56966313608996,779.178066689816,0.5953111726823888,877896.29,41.976556041433966
monthly__basic__tweedie_log_glm,2011-03-01,4512,1474684.72,2517698.346058254,1043013.6260582542,0.707279062373586,391.1680737993395,1230.4989196546253,0.6096834922111352,899090.9299999999,45.72595019648405
monthly__basic__hurdle_glm,2011-03-01,4512,1474684.72,2113688.282078148,639003.5620781479,0.43331537474542214,359.4990348444414,1057.2066919664253,0.6000945476671109,884950.26,45.73464253083433
monthly__basic__frequency_severity_glm,2011-03-01,4512,1474684.72,2315660.083904499,840975.3639044992,0.5702746848183924,363.3470600422173,996.9250066750581,0.6094338795346032,898722.83,45.022499611515315
monthly__basic__hurdle_hist,2011-03-01,4512,1474684.72,1871450.0662083963,396765.34620839637,0.26905096447218657,305.2409842679839,863.5201882454563,0.5941504567837388,876184.5999999999,41.92975288373065
monthly__basic__poisson_hist,2011-03-01,4512,1474684.72,2136181.3780130874,661496.6580130875,0.44856819158815686,355.21279083345337,1886.9810500569693,0.5923697371733804,873558.6,42.95970855108943
monthly__basic__median_hist,2011-03-01,4512,1474684.72,13739.478103495258,-1460945.2418965048,-0.9906831081131056,328.6208196151363,1566.6757218082512,0.2512306223665218,370485.95999999996,1304753.64310294
monthly__calendar__xgboost_reference,2011-03-01,4512,1474684.72,2075865.6008138657,601180.8808138657,0.4076673967394642,311.82397058049844,853.637763031831,0.6096871743541222,899096.36,41.22630699870515
monthly__calendar__tweedie_log_glm,2011-03-01,4512,1474684.72,1376092.8229343812,-98591.89706561877,-0.06685625458004256,277.5053967372547,976.9004033596159,0.6046255839688907,891632.11,40.107461540354855
monthly__calendar__hurdle_glm,2011-03-01,4512,1474684.72,1557998.7170612684,83313.99706126843,0.05649614180668287,290.60167313265595,1064.9394461484073,0.5838024482955244,860924.5499999999,41.73377616354687
monthly__calendar__frequency_severity_glm,2011-03-01,4512,1474684.72,2064584.559717001,589899.839717001,0.40001759814599624,331.8790206869794,955.4400198476728,0.6094915121925181,898807.8200000001,43.218286317843436
monthly__calendar__hurdle_hist,2011-03-01,4512,1474684.72,2001417.3167073024,526732.5967073024,0.35718319283005956,311.33025406967295,912.8701529393693,0.6163169372230289,908873.1699999999,40.860509617386036
monthly__calendar__poisson_hist,2011-03-01,4512,1474684.72,2519142.7067846484,1044457.9867846484,0.7082584993385219,406.4424371986189,2753.5767299857475,0.5879500941733499,867041.02,42.80791275766349
monthly__calendar__median_hist,2011-03-01,4512,1474684.72,13739.478103495258,-1460945.2418965048,-0.9906831081131056,328.6208196151363,1566.6757218082512,0.2512306223665218,370485.95999999996,1304753.64310294
monthly__enriched__xgboost_reference,2011-03-01,4512,1474684.72,1808366.387476921,333681.6674769211,0.2262732250164775,282.66239279380926,843.7922918797237,0.6056675897475903,893168.74,39.686192737708566
monthly__enriched__tweedie_log_glm,2011-03-01,4512,1474684.72,1188941.5142829963,-285743.2057170037,-0.19376562450379473,268.77190577815475,982.0785555537715,0.6060902360200763,893792.01,40.643220964206655
monthly__enriched__hurdle_glm,2011-03-01,4512,1474684.72,1262352.8079997608,-212331.91200023913,-0.14398461523371528,270.970392225852,1051.5059792768284,0.6004658744955329,885497.8500000001,41.44535642734816
monthly__enriched__frequency_severity_glm,2011-03-01,4512,1474684.72,1507348.6615966074,32663.941596607445,0.022149779646870853,282.20378409056764,899.2493089229981,0.6057536895072732,893295.7100000001,40.685797866392946
monthly__enriched__hurdle_hist,2011-03-01,4512,1474684.72,1508337.2077438408,33652.487743840786,0.022820123710131604,262.1072839631462,866.0891995873093,0.605936630305629,893565.4900000001,39.43931706501723
monthly__enriched__poisson_hist,2011-03-01,4512,1474684.72,1785490.2768214345,310805.5568214345,0.21076068166043962,308.92970484320387,1629.0974542179363,0.6091846872869207,898355.3500000001,39.927782475314594
monthly__enriched__median_hist,2011-03-01,4512,1474684.72,13739.478103495258,-1460945.2418965048,-0.9906831081131056,328.6208196151363,1566.6757218082512,0.2512306223665218,370485.95999999996,1304753.64310294
monthly__basic__xgboost_reference,2011-06-01,4908,1661870.79,1402680.6527326107,-259190.13726738933,-0.15596286957266356,266.64490407979287,1162.7505421590683,0.6493326656279939,1079106.99,38.8798437245188
monthly__basic__tweedie_log_glm,2011-06-01,4908,1661870.79,1766105.109775395,104234.31977539486,0.06272107338464915,286.55390677219015,1094.3764363514777,0.6499804656895137,1080183.55,38.81168014638658
monthly__basic__hurdle_glm,2011-06-01,4908,1661870.79,1514319.0603987123,-147551.72960128775,-0.08878652328998919,308.3133806203393,1622.9864626689177,0.6553271208286897,1089069.0,39.4057737360091
monthly__basic__frequency_severity_glm,2011-06-01,4908,1661870.79,1868842.23791748,206971.44791748002,0.12454123940494798,304.29314258770154,1207.1500596683559,0.6526903033177448,1084686.9500000002,40.18603954984247
monthly__basic__hurdle_hist,2011-06-01,4908,1661870.79,1430733.95974557,-231136.83025442995,-0.1390823111190431,268.9270396961341,1145.3264675300018,0.6527188073388064,1084734.32,38.148594875898226
monthly__basic__poisson_hist,2011-06-01,4908,1661870.79,1427984.4272035174,-233886.36279648263,-0.14073679145445636,274.735585151044,1167.3136360493727,0.650115734930271,1080408.35,39.079575205138454
monthly__basic__median_hist,2011-06-01,4908,1661870.79,89775.13728917357,-1572095.6527108264,-0.9459794721530825,330.8997748055516,2003.258639033999,0.3220360952369829,535182.38,1251498.0443978633
monthly__calendar__xgboost_reference,2011-06-01,4908,1661870.79,2004228.777396202,342357.98739620205,0.20600758461865862,290.5825179699678,983.8722609920375,0.6454245098080099,1072612.1400000001,40.116565122392586
monthly__calendar__tweedie_log_glm,2011-06-01,4908,1661870.79,2577736.7767758863,915865.9867758863,0.5511054122179295,354.7284011877377,1164.4456460950473,0.6544858159520333,1087670.86,42.603850729657374
monthly__calendar__hurdle_glm,2011-06-01,4908,1661870.79,1947103.74829222,285232.95829222,0.17163365528087776,354.3453781216443,1619.7110737467476,0.6584449925857353,1094250.5,43.216555796332116
monthly__calendar__frequency_severity_glm,2011-06-01,4908,1661870.79,2023304.1796395723,361433.38963957224,0.21748585498609807,314.5299544445842,1163.166969715959,0.6549388716315304,1088423.78,41.019067614703964
monthly__calendar__hurdle_hist,2011-06-01,4908,1661870.79,1951225.424415276,289354.6344152759,0.17411379762880114,302.3114335992234,1120.8495440262595,0.6564855382048084,1090994.1400000001,40.505058979870626
monthly__calendar__poisson_hist,2011-06-01,4908,1661870.79,1983055.9642953142,321185.1742953141,0.19326723607393936,299.3428261784087,1082.6620408495273,0.6420925600359098,1067074.8699999999,40.41414527850613
monthly__calendar__median_hist,2011-06-01,4908,1661870.79,89775.13728917357,-1572095.6527108264,-0.9459794721530825,330.8997748055516,2003.258639033999,0.3220360952369829,535182.38,1251498.0443978633
monthly__enriched__xgboost_reference,2011-06-01,4908,1661870.79,1636827.5064563751,-25043.283543624915,-0.015069332522310543,260.48732104182534,987.3916322959033,0.6541486718110017,1087110.57,37.949031761304695
monthly__enriched__tweedie_log_glm,2011-06-01,4908,1661870.79,1834369.7633893392,172498.97338933917,0.103798065666308,275.2569786130847,979.453931352581,0.6580300866832132,1093560.98,38.43535028720196
monthly__enriched__hurdle_glm,2011-06-01,4908,1661870.79,1655757.408415933,-6113.3815840671305,-0.003678614258613409,318.13742048507845,1566.4742250086695,0.656373459695985,1090807.88,40.38591592382024
monthly__enriched__frequency_severity_glm,2011-06-01,4908,1661870.79,1593795.5341231506,-68075.2558768494,-0.040963025697593136,283.64906721498056,1203.376588020811,0.6572695281562774,1092297.03,39.0355391922802
monthly__enriched__hurdle_hist,2011-06-01,4908,1661870.79,1667999.5925438947,6128.802543894621,0.003687893535871474,276.4554819178954,1109.0380862264135,0.6616606457112107,1099594.5,38.172352291009034
monthly__enriched__poisson_hist,2011-06-01,4908,1661870.79,1716254.388967048,54383.598967047874,0.032724324474737214,275.46124726411296,1079.1318617820334,0.6453415912075813,1072474.34,38.567194207568186
monthly__enriched__median_hist,2011-06-01,4908,1661870.79,89775.13728917357,-1572095.6527108264,-0.9459794721530825,330.8997748055516,2003.258639033999,0.3220360952369829,535182.38,1251498.0443978633
