task,model,split,cutoff,n_customers,actual_revenue_gbp,predicted_revenue_gbp,aggregate_bias_gbp,aggregate_bias_pct,mae_gbp,rmse_gbp,revenue_capture_at_capacity,actual_at_capacity_gbp,mean_absolute_origin_bias_pct,n_origins
future_revenue_90d,training_mean_baseline,development,2011-03-01,4512.0,1474684.72,2326845.8331911564,852161.1131911564,0.5778598649826361,580.1215178350893,1535.838769832531,0.2512306223665218,370485.95999999996,,
future_revenue_90d,training_median_baseline,development,2011-03-01,4512.0,1474684.72,0.0,-1474684.72,-1.0,326.8361524822695,1558.8304661859006,0.2512306223665218,370485.95999999996,,
future_revenue_90d,historical_spend_rate_baseline,development,2011-03-01,4512.0,1474684.72,3490133.042390855,2015448.322390855,1.3666977727896001,570.8880726742877,2431.890684370652,0.5767429122070241,850513.96,,
future_revenue_90d,recent_90d_spend_baseline,development,2011-03-01,4512.0,1474684.72,1574863.38,100178.65999999992,0.06793225605538242,286.8674645390071,1380.854994207114,0.5728129670998422,844718.5299999999,,
future_revenue_90d,tweedie_glm,development,2011-03-01,4512.0,1474684.72,6161074.021201551,4686389.301201551,3.17789235735863,1251.1833075365746,56966.34679489207,0.5786229954291517,853286.4899999999,,
future_revenue_90d,hurdle_gamma_glm,development,2011-03-01,4512.0,1474684.72,4923817.0634499835,3449132.3434499837,2.3388947458884526,964.3532648235081,20161.006913502435,0.5802099041210652,855626.6799999999,,
future_revenue_90d,random_forest_regressor,development,2011-03-01,4512.0,1474684.72,2116939.5313769616,642254.8113769616,0.4355200828126582,331.67679880162,1039.6111702819812,0.596047445314277,878982.0599999999,,
future_revenue_90d,xgboost_tweedie,development,2011-03-01,4512.0,1474684.72,1634119.473838091,159434.75383809092,0.1081144679101923,277.4953470661729,774.4708334895619,0.5937899390454117,875652.95,,
future_revenue_90d,training_mean_baseline,development,2011-06-01,4908.0,1661870.79,2247202.769083751,585331.9790837509,0.3522126886192824,569.2278925991466,2059.889938538029,0.2897566723583847,481538.14999999997,,
future_revenue_90d,training_median_baseline,development,2011-06-01,4908.0,1661870.79,0.0,-1661870.79,-1.0,338.6044804400978,2084.124856138711,0.2897566723583847,481538.14999999997,,
future_revenue_90d,historical_spend_rate_baseline,development,2011-06-01,4908.0,1661870.79,3018312.1717875926,1356441.3817875925,0.8162135046537478,441.22726106276593,1515.591365337359,0.6185032652267749,1027872.51,,
future_revenue_90d,recent_90d_spend_baseline,development,2011-06-01,4908.0,1661870.79,1659592.3,-2278.4899999999907,-0.0013710392009477408,274.8508007334964,1193.7080002418777,0.6240266910281274,1037051.73,,
future_revenue_90d,tweedie_glm,development,2011-06-01,4908.0,1661870.79,2182235.6511650574,520364.8611650574,0.3131199274313362,433.70385527122346,6085.616094954888,0.6385337815583124,1061160.6400000001,,
future_revenue_90d,hurdle_gamma_glm,development,2011-06-01,4908.0,1661870.79,3351177.496313615,1689306.7063136147,1.0165090550232336,593.704225727469,9207.319159884879,0.6507694921336213,1081494.81,,
future_revenue_90d,random_forest_regressor,development,2011-06-01,4908.0,1661870.79,1708660.4724762172,46789.68247621716,0.02815482572879036,286.3705492933802,1224.4779651503873,0.6458140406932599,1073259.49,,
future_revenue_90d,xgboost_tweedie,development,2011-06-01,4908.0,1661870.79,1416429.3337392807,-245441.45626071934,-0.1476898551545751,263.2942756727836,1139.1116679444158,0.6479715489794486,1076844.99,,
future_revenue_90d,xgboost_tweedie,development_summary,2011-03-01|2011-06-01,,,,,-0.019787693622191405,270.39481136947825,956.7912507169888,0.6208807440124302,,0.1279021615323837,2.0
future_revenue_90d,recent_90d_spend_baseline,development_summary,2011-03-01|2011-06-01,,,,,0.03328060842721734,280.85913263625173,1287.281497224496,0.5984198290639848,,0.034651647628165076,2.0
future_revenue_90d,random_forest_regressor,development_summary,2011-03-01|2011-06-01,,,,,0.23183745427072427,309.0236740475001,1132.0445677161842,0.6209307430037685,,0.23183745427072427,2.0
future_revenue_90d,training_median_baseline,development_summary,2011-03-01|2011-06-01,,,,,-1.0,332.72031646118364,1821.4776611623058,0.2704936473624533,,1.0,2.0
future_revenue_90d,historical_spend_rate_baseline,development_summary,2011-03-01|2011-06-01,,,,,1.091455638721674,506.05766686852684,1973.7410248540054,0.5976230887168995,,1.091455638721674,2.0
future_revenue_90d,training_mean_baseline,development_summary,2011-03-01|2011-06-01,,,,,0.46503627680095927,574.6747052171179,1797.86435418528,0.2704936473624533,,0.46503627680095927,2.0
future_revenue_90d,hurdle_gamma_glm,development_summary,2011-03-01|2011-06-01,,,,,1.677701900455843,779.0287452754885,14684.163036693657,0.6154896981273432,,1.677701900455843,2.0
future_revenue_90d,tweedie_glm,development_summary,2011-03-01|2011-06-01,,,,,1.7455061423949831,842.4435814038991,31525.98144492348,0.6085783884937321,,1.7455061423949831,2.0
future_revenue_90d,training_mean_baseline,final_test,2011-09-01,5224.0,2699494.19,2236212.8951226957,-463281.29487730423,-0.1716178151423635,645.4821984528029,3099.1483800608776,0.30425595026007446,821337.17,,
future_revenue_90d,training_median_baseline,final_test,2011-09-01,5224.0,2699494.19,0.0,-2699494.19,-1.0,516.7485049770291,3140.682247586568,0.30425595026007446,821337.17,,
future_revenue_90d,historical_spend_rate_baseline,final_test,2011-09-01,5224.0,2699494.19,2987460.1019951357,287965.9119951357,0.10667402547554129,477.9288958073,2033.6082593768888,0.5707531269033774,1540744.75,,
future_revenue_90d,recent_90d_spend_baseline,final_test,2011-09-01,5224.0,2699494.19,1840607.2,-858886.99,-0.31816589684899454,391.44266271056654,1948.933405548021,0.5668009865211082,1530075.97,,
future_revenue_90d,tweedie_glm,final_test,2011-09-01,5224.0,2699494.19,2283638.7043790864,-415855.48562091356,-0.1540494093898804,479.37861444031466,4420.384554097872,0.5838863946582526,1576197.9300000002,,
future_revenue_90d,hurdle_gamma_glm,final_test,2011-09-01,5224.0,2699494.19,4381282.865687615,1681788.6756876153,0.6230014059365748,814.023053882064,17406.63997156718,0.5878733934226397,1586960.81,,
future_revenue_90d,random_forest_regressor,final_test,2011-09-01,5224.0,2699494.19,1773401.5463329188,-926092.6436670811,-0.3430615435653452,386.6199639860404,2108.140631145578,0.5926233647496756,1599783.33,,
future_revenue_90d,xgboost_tweedie,final_test,2011-09-01,5224.0,2699494.19,1547974.5304441452,-1151519.6595558547,-0.4265686749101152,373.46586359145624,2119.855152762378,0.5967205582316887,1610843.6800000002,,
