model,cutoff,horizon,bg_penalty,gamma_penalty,bg_a,bg_b,optimizer_success,a_at_lower_bound,gamma_q,n_customers,actual_revenue_gbp,predicted_revenue_gbp,aggregate_bias_gbp,aggregate_bias_pct,mae_gbp,rmse_gbp,revenue_capture_at_capacity,actual_at_capacity_gbp
BG_NBD_x_Gamma_Gamma,2010-12-01,6m,0.0,0.0001,0.1639953432106174,98.46331016554515,True,False,3.4764267428198092,4239,2846836.1999999997,4429686.160016669,1582849.9600166692,0.5560031729316458,696.4405677540603,2245.90462137285,0.5992701406564943,1706023.9299999997
BG_NBD_x_Gamma_Gamma,2010-12-01,6m,1e-05,0.0001,0.010264201028035724,3.474626226470046,True,False,3.4764267428198092,4239,2846836.1999999997,4447029.015032349,1600192.8150323494,0.5620951479513818,698.338437832686,2265.5566728783674,0.5990096690494523,1705282.4100000001
BG_NBD_x_Gamma_Gamma,2010-12-01,6m,0.0001,0.0001,0.003840382703277556,1.1515080935134414,True,False,3.4764267428198092,4239,2846836.1999999997,4460235.00421959,1613398.80421959,0.5667339779575622,700.3842727603356,2271.5035730499626,0.5988663520577686,1704874.4100000001
BG_NBD_x_Gamma_Gamma,2010-12-01,6m,0.001,0.0001,0.0009118819655545162,0.31615451683232565,True,True,3.4764267428198092,4239,2846836.1999999997,4243212.795663225,1396376.5956632257,0.4905012082055251,656.7663409029166,2281.508047897816,0.597251475163903,1700277.1199999999
BG_NBD_x_Gamma_Gamma,2010-12-01,6m,0.01,0.0001,0.0009118819655545162,0.1411410390536083,True,True,3.4764267428198092,4239,2846836.1999999997,4401978.867313668,1555142.6673136684,0.5462705115642651,675.24984030936,2356.1850039158217,0.593150800175999,1688603.17
BG_NBD_x_Gamma_Gamma,2011-03-01,90d,0.0,0.0001,0.12494187491915407,5.564041960072838,True,False,3.393889523599339,4512,1474684.72,1905153.7263349947,430469.0063349947,0.2919057887403856,309.7083620713203,1005.343474278323,0.60330691566398,889687.49
BG_NBD_x_Gamma_Gamma,2011-03-01,90d,1e-05,0.0001,0.10028080219426473,3.8999749244188444,True,False,3.393889523599339,4512,1474684.72,1907995.8959278462,433311.1759278462,0.29383309533975926,309.9235203489827,1008.9486567118707,0.6043382479747943,891208.38
BG_NBD_x_Gamma_Gamma,2011-03-01,90d,0.0001,0.0001,0.07018151593000312,2.192848146602697,True,False,3.393889523599339,4512,1474684.72,1914770.4208656857,440085.7008656857,0.29842697554070113,310.4883874119617,1014.4234418235484,0.6034656750223872,889921.6100000001
BG_NBD_x_Gamma_Gamma,2011-03-01,90d,0.001,0.0001,0.043490342151124954,1.032334728613154,True,False,3.393889523599339,4512,1474684.72,1929800.1220549077,455115.40205490775,0.3086187819555815,311.5116386375343,1023.3182613001901,0.6025521780682721,888574.49
BG_NBD_x_Gamma_Gamma,2011-03-01,90d,0.01,0.0001,0.026391187277978824,0.45007365972968866,True,False,3.393889523599339,4512,1474684.72,1946388.6293162424,471703.90931624244,0.31986763198864804,310.58208756875615,1046.205582106807,0.602070976906847,887864.8700000001
BG_NBD_x_Gamma_Gamma,2011-06-01,90d,0.0,0.0001,0.1527362378132533,3.2473149699414723,True,False,3.3951572552600737,4908,1661870.79,1826898.299307492,165027.50930749206,0.0993022503918563,284.40000338863035,980.6015995439706,0.6598206711365328,1096536.7
BG_NBD_x_Gamma_Gamma,2011-06-01,90d,1e-05,0.0001,0.14639911633037395,3.025781023983812,True,False,3.3951572552600737,4908,1661870.79,1827844.413730329,165973.62373032887,0.09987155724081825,284.41111976719145,980.1958886416144,0.6598206711365329,1096536.7000000002
BG_NBD_x_Gamma_Gamma,2011-06-01,90d,0.0001,0.0001,0.12309190697403637,2.267022323920315,True,False,3.3951572552600737,4908,1661870.79,1832365.9317989834,170495.14179898333,0.10259229708164215,284.5133440370362,978.5235016430079,0.6598206711365328,1096536.7
BG_NBD_x_Gamma_Gamma,2011-06-01,90d,0.001,0.0001,0.08653722092395578,1.2687920819341636,True,False,3.3951572552600737,4908,1661870.79,1845955.4074960942,184084.6174960942,0.11076951265031514,284.70338526091246,973.665510565483,0.6598206711365328,1096536.7
BG_NBD_x_Gamma_Gamma,2011-06-01,90d,0.01,0.0001,0.054878228588385536,0.6010422633659452,True,False,3.3951572552600737,4908,1661870.79,1856689.7694337494,194818.97943374934,0.11722871633946302,281.3751976254227,957.7285090910457,0.6593237432135143,1095710.87
