task,model,split,cutoff,n_customers,actual_revenue_gbp,predicted_revenue_gbp,aggregate_bias_gbp,aggregate_bias_pct,mae_gbp,rmse_gbp,revenue_capture_at_capacity,actual_at_capacity_gbp
future_revenue_6m,training_mean_baseline,development,2010-12-01,4239,2846836.1999999997,5783862.565629657,2937026.3656296576,1.0316808412193361,1375.6422151090453,3300.29603089214,0.2882834987134139,820695.9
future_revenue_6m,training_median_baseline,development,2010-12-01,4239,2846836.1999999997,1890890.73,-955945.4699999997,-0.3357922278773889,772.3200212314226,3234.6185138594747,0.2882834987134139,820695.9
future_revenue_6m,historical_spend_rate_baseline,development,2010-12-01,4239,2846836.1999999997,9854801.824255329,7007965.624255329,2.4616680173784955,1825.4266159295883,10451.318712145678,0.4918127217856792,1400110.26
future_revenue_6m,recent_180d_spend_baseline,development,2010-12-01,4239,2846836.1999999997,4795728.0987777775,1948891.8987777778,0.6845816765916416,728.9531104558203,2874.526969123354,0.5901239277482844,1679986.1600000001
future_revenue_6m,tweedie_glm,development,2010-12-01,4239,2846836.1999999997,44873352.548548594,42026516.34854859,14.762534053960882,10040.70090826562,282265.6608506815,0.5737495153391685,1633370.8900000001
future_revenue_6m,hurdle_gamma_glm,development,2010-12-01,4239,2846836.1999999997,520904006.86089784,518057170.66089785,181.97645887069228,122417.87781240992,5772645.868163731,0.5647202603367205,1607666.08
future_revenue_6m,random_forest_regressor,development,2010-12-01,4239,2846836.1999999997,6858223.688275479,4011387.488275479,1.4090685963159664,1145.6176497772226,3047.8310083683627,0.5959561705727925,1696589.6
future_revenue_6m,xgboost_tweedie,development,2010-12-01,4239,2846836.1999999997,6139556.827636719,3292720.627636719,1.1566245460967228,999.1882812258104,3031.8048088150235,0.5960389712622033,1696825.3199999998
future_revenue_6m,training_mean_baseline,final_test,2011-06-01,4908,4272229.46,4890292.985587947,618063.5255879471,0.14467002097493778,1216.0077068524558,5006.926450626303,0.2939994168758904,1256032.97
future_revenue_6m,training_median_baseline,final_test,2011-06-01,4908,4272229.46,1177821.8399999996,-3094407.62,-0.7243074485985124,879.3121149144255,5044.894668961953,0.2939994168758904,1256032.97
future_revenue_6m,historical_spend_rate_baseline,final_test,2011-06-01,4908,4272229.46,6137234.749301438,1865005.2893014383,0.4365414607906941,827.4728994261255,3153.6027153695727,0.5946296058732763,2540394.12
future_revenue_6m,recent_180d_spend_baseline,final_test,2011-06-01,4908,4272229.46,3234700.0903333332,-1037529.3696666667,-0.24285431748946057,574.5946685004076,3059.6653739266426,0.6147274308622926,2626256.6399999997
future_revenue_6m,tweedie_glm,final_test,2011-06-01,4908,4272229.46,34849631.9355165,30577402.475516498,7.157247231640151,7117.45227413899,373557.9068571784,0.6112480531417899,2611391.9400000004
future_revenue_6m,hurdle_gamma_glm,final_test,2011-06-01,4908,4272229.46,30636736.210708387,26364506.750708386,6.171135468624475,5965.642514215682,201251.67680592815,0.6206423472394668,2651526.5199999996
future_revenue_6m,random_forest_regressor,final_test,2011-06-01,4908,4272229.46,3579414.0259153866,-692815.4340846133,-0.16216718707908853,624.2033190947413,3278.2789557867986,0.6138353556505834,2622445.49
future_revenue_6m,xgboost_tweedie,final_test,2011-06-01,4908,4272229.46,2795631.6143751144,-1476597.8456248855,-0.3456269986080957,585.211900987423,3096.5768439458925,0.609076821449567,2602115.94
