horizon,model,origin,group,customers,coverage,mean_width_gbp
90d,hurdle_ngboost_lognormal,2010-09-01,all,3299,0.8438920885116702,1237.0598539552807
90d,hurdle_ngboost_lognormal,2010-09-01,positive,1924,0.7375259875259875,1574.1268763568899
90d,hurdle_ngboost_lognormal,2010-09-01,zero,1375,0.9927272727272727,765.4111622456837
90d,lstm_hurdle_lognormal,2010-09-01,all,3299,0.9275538041830858,1736.778605216192
90d,lstm_hurdle_lognormal,2010-09-01,positive,1924,0.8783783783783784,2227.888219409625
90d,lstm_hurdle_lognormal,2010-09-01,zero,1375,0.9963636363636363,1049.5823159738904
90d,hurdle_ngboost_lognormal,2010-12-01,all,4239,0.9615475347959425,1966.2483448167818
90d,hurdle_ngboost_lognormal,2010-12-01,positive,1407,0.9175550817341862,3423.75301802103
90d,hurdle_ngboost_lognormal,2010-12-01,zero,2832,0.9834039548022598,1242.1279086591628
90d,lstm_hurdle_lognormal,2010-12-01,all,4239,0.9837225760792639,3385.721771999827
90d,lstm_hurdle_lognormal,2010-12-01,positive,1407,0.9673063255152807,6318.211325278078
90d,lstm_hurdle_lognormal,2010-12-01,zero,2832,0.9918785310734464,1928.7963477545948
90d,hurdle_ngboost_lognormal,2011-03-01,all,4512,0.9589982269503546,1108.762065217883
90d,hurdle_ngboost_lognormal,2011-03-01,positive,1585,0.8839116719242902,1921.4296266891245
90d,hurdle_ngboost_lognormal,2011-03-01,zero,2927,0.9996583532627263,668.6943901471907
90d,lstm_hurdle_lognormal,2011-03-01,all,4512,0.9281914893617021,998.7261926590288
90d,lstm_hurdle_lognormal,2011-03-01,positive,1585,0.7968454258675078,1911.390647464592
90d,lstm_hurdle_lognormal,2011-03-01,zero,2927,0.9993167065254527,504.5091920212368
90d,hurdle_ngboost_lognormal,2011-06-01,all,4908,0.9706601466992665,1049.4498397747489
90d,hurdle_ngboost_lognormal,2011-06-01,positive,1617,0.9115646258503401,1758.4057282780493
90d,hurdle_ngboost_lognormal,2011-06-01,zero,3291,0.9996961409905804,701.111440592179
90d,lstm_hurdle_lognormal,2011-06-01,all,4908,0.9724938875305623,1222.6043758817916
90d,lstm_hurdle_lognormal,2011-06-01,positive,1617,0.91713048855906,2277.4331159080984
90d,lstm_hurdle_lognormal,2011-06-01,zero,3291,0.9996961409905804,704.3248035261128
90d,hurdle_ngboost_lognormal,2011-09-01,all,5224,0.9255359877488515,1153.8973731237322
90d,hurdle_ngboost_lognormal,2011-09-01,positive,2236,0.8264758497316637,1830.7248113882868
90d,hurdle_ngboost_lognormal,2011-09-01,zero,2988,0.999665327978581,647.4093704598952
90d,lstm_hurdle_lognormal,2011-09-01,all,5224,0.9213246554364471,1180.381611976354
90d,lstm_hurdle_lognormal,2011-09-01,positive,2236,0.8161896243291592,1952.8417275105294
90d,lstm_hurdle_lognormal,2011-09-01,zero,2988,1.0,602.3291292673792
6m,hurdle_ngboost_lognormal,2010-12-01,all,4239,0.9013918376975701,3257.189869260936
6m,hurdle_ngboost_lognormal,2010-12-01,positive,2047,0.8392769907181241,4702.466057349162
6m,hurdle_ngboost_lognormal,2010-12-01,zero,2192,0.9593978102189781,1907.5181735416838
6m,lstm_hurdle_lognormal,2010-12-01,all,4239,0.97310686482661,5409.120534369194
6m,lstm_hurdle_lognormal,2010-12-01,positive,2047,0.961895456765999,7928.861269523616
6m,lstm_hurdle_lognormal,2010-12-01,zero,2192,0.9835766423357665,3056.059729231829
6m,hurdle_ngboost_lognormal,2011-01-01,all,4315,0.9096176129779838,3048.8789614902607
6m,hurdle_ngboost_lognormal,2011-01-01,positive,2021,0.847105393369619,4405.902592504326
6m,hurdle_ngboost_lognormal,2011-01-01,zero,2294,0.9646904969485615,1853.3494243152713
6m,lstm_hurdle_lognormal,2011-01-01,all,4315,0.944380069524913,6743.69620530241
6m,lstm_hurdle_lognormal,2011-01-01,positive,2021,0.8985650667986146,10490.014452418543
6m,lstm_hurdle_lognormal,2011-01-01,zero,2294,0.9847428073234524,3443.2126929128253
6m,hurdle_ngboost_lognormal,2011-02-01,all,4387,0.9480282653293822,3528.8469732751646
6m,hurdle_ngboost_lognormal,2011-02-01,positive,2048,0.91552734375,5261.061664708087
6m,hurdle_ngboost_lognormal,2011-02-01,zero,2339,0.9764856776400171,2012.140821905081
6m,lstm_hurdle_lognormal,2011-02-01,all,4387,0.9302484613631183,6447.403545759637
6m,lstm_hurdle_lognormal,2011-02-01,positive,2048,0.8818359375,9979.01556230893
6m,lstm_hurdle_lognormal,2011-02-01,zero,2339,0.9726378794356563,3355.1669446938176
6m,hurdle_ngboost_lognormal,2011-03-01,all,4512,0.9603280141843972,3335.1134464983725
6m,hurdle_ngboost_lognormal,2011-03-01,positive,2097,0.9365760610395804,4945.606457587517
6m,hurdle_ngboost_lognormal,2011-03-01,zero,2415,0.9809523809523809,1936.6853536395984
6m,lstm_hurdle_lognormal,2011-03-01,all,4512,0.9363918439716312,6665.767527805905
6m,lstm_hurdle_lognormal,2011-03-01,positive,2097,0.8960419647114926,10684.403188693623
6m,lstm_hurdle_lognormal,2011-03-01,zero,2415,0.9714285714285714,3176.293829718309
6m,hurdle_ngboost_lognormal,2011-04-01,all,4691,0.9678107013429972,3140.5211520462312
6m,hurdle_ngboost_lognormal,2011-04-01,positive,2214,0.9453477868112015,4361.9269139222515
6m,hurdle_ngboost_lognormal,2011-04-01,zero,2477,0.9878885748889786,2048.8003782095307
6m,lstm_hurdle_lognormal,2011-04-01,all,4691,0.9283734811340866,5178.2649606890745
6m,lstm_hurdle_lognormal,2011-04-01,positive,2214,0.8807588075880759,7606.442366694875
6m,lstm_hurdle_lognormal,2011-04-01,zero,2477,0.9709325797335486,3007.9037265765
6m,hurdle_ngboost_lognormal,2011-05-01,all,4797,0.9681050656660413,3001.707485474751
6m,hurdle_ngboost_lognormal,2011-05-01,positive,2366,0.944632290786137,4244.566127004471
6m,hurdle_ngboost_lognormal,2011-05-01,zero,2431,0.9909502262443439,1792.080358424435
6m,lstm_hurdle_lognormal,2011-05-01,all,4797,0.9399624765478424,4614.8181608693585
6m,lstm_hurdle_lognormal,2011-05-01,positive,2366,0.904480135249366,7086.107723169751
6m,lstm_hurdle_lognormal,2011-05-01,zero,2431,0.9744960921431509,2209.6058595930403
6m,hurdle_ngboost_lognormal,2011-06-01,all,4908,0.9698451507742462,2600.060894446091
6m,hurdle_ngboost_lognormal,2011-06-01,positive,2549,0.945076500588466,3651.111491142011
6m,hurdle_ngboost_lognormal,2011-06-01,zero,2359,0.996608732513777,1464.3559470201064
6m,lstm_hurdle_lognormal,2011-06-01,all,4908,0.9466177669111654,3484.344570930616
6m,lstm_hurdle_lognormal,2011-06-01,positive,2549,0.9105531581012162,5192.1320908031275
6m,lstm_hurdle_lognormal,2011-06-01,zero,2359,0.9855871131835523,1639.0073991819804
