model,mean_mae_gbp,mean_rmse_gbp,mean_absolute_bias_pct,mean_tweedie_deviance,mean_revenue_capture_top10,n_origins,eligible
bg_nbd_gamma_gamma,656.7663409029166,2281.508047897816,0.4905012082055251,55.81226763935557,0.597251475163903,1,True
pareto_nbd_seasonal_gamma_gamma,657.1364893159935,2202.562317055055,0.4663794449973952,57.09230376118584,0.5997092807798355,1,True
pareto_nbd_gamma_gamma,682.4502185360035,2236.825245753022,0.5266681356257147,58.42600483289885,0.5997224427594395,1,True
xgboost_enriched_monthly,982.6698201188548,2879.6685740147327,1.1270151196998703,61.91561206287244,0.5985958306979517,1,True
xgboost_tweedie,999.1882812258104,3031.8048088150235,1.1566245460967228,62.14926103971631,0.5960389712622033,1,True
hurdle_ngboost_lognormal,1057.7673071363022,2940.0366571500504,1.25600430512136,65.888092178503,0.5986181572371463,1,True
hurdle_gamma_hist,1068.5859164952003,2900.210105325468,1.2353038430673675,66.3089102049845,0.6013890648151798,1,True
hurdle_gamma_gam,1108.1939987577018,2854.9477760174896,1.3819369278943627,70.34024482046047,0.6004208426182019,1,True
tweedie_gam,1182.3250325555484,3640.4625414017496,1.512695314953184,71.54474037444501,0.601882890206328,1,True
lstm_hurdle_lognormal,1360.0797041719998,3912.147862860573,1.846615061722126,77.47136663035302,0.600350799951188,1,True
recent_spend,728.9531104558203,2874.5269691233543,0.6845816765916416,85524.01870458988,0.5901239277482844,1,True
