horizon,model,origin,max_relative_purchase_difference_24_vs_64,max_loglikelihood_difference_24_vs_64
90d,pareto_nbd_gamma_gamma,2010-09-01,1.26008139064742e-14,1.2434497875801753e-14
90d,pareto_nbd_seasonal_gamma_gamma,2010-09-01,1.4395055714335377e-14,1.4210854715202004e-14
90d,pareto_nbd_gamma_gamma,2010-12-01,1.4454205051200056e-14,1.4210854715202004e-14
90d,pareto_nbd_seasonal_gamma_gamma,2010-12-01,2.837055848669274e-14,2.842170943040401e-14
90d,pareto_nbd_gamma_gamma,2011-03-01,1.436558045529085e-14,1.4210854715202004e-14
90d,pareto_nbd_seasonal_gamma_gamma,2011-03-01,2.8383788121946392e-14,2.842170943040401e-14
90d,pareto_nbd_gamma_gamma,2011-06-01,2.8477269156445943e-14,2.842170943040401e-14
90d,pareto_nbd_seasonal_gamma_gamma,2011-06-01,2.8780687321890585e-14,2.842170943040401e-14
90d,pareto_nbd_gamma_gamma,2011-09-01,1.45898059107976e-14,1.4210854715202004e-14
90d,pareto_nbd_seasonal_gamma_gamma,2011-09-01,2.8588227067303194e-14,2.842170943040401e-14
6m,pareto_nbd_gamma_gamma,2010-12-01,1.457516966735302e-14,1.4210854715202004e-14
6m,pareto_nbd_seasonal_gamma_gamma,2010-12-01,2.8513420726498156e-14,2.842170943040401e-14
6m,pareto_nbd_gamma_gamma,2011-01-01,1.4518938162142098e-14,1.4210854715202004e-14
6m,pareto_nbd_seasonal_gamma_gamma,2011-01-01,2.84361330668898e-14,2.842170943040401e-14
6m,pareto_nbd_gamma_gamma,2011-02-01,1.446761473536945e-14,1.4210854715202004e-14
6m,pareto_nbd_seasonal_gamma_gamma,2011-02-01,1.4202464098197887e-14,1.4210854715202004e-14
6m,pareto_nbd_gamma_gamma,2011-03-01,1.4490879076618014e-14,1.4210854715202004e-14
6m,pareto_nbd_seasonal_gamma_gamma,2011-03-01,2.8271219541396928e-14,2.842170943040401e-14
6m,pareto_nbd_gamma_gamma,2011-04-01,1.4365147703666445e-14,1.4210854715202004e-14
6m,pareto_nbd_seasonal_gamma_gamma,2011-04-01,2.874732212187853e-14,2.842170943040401e-14
6m,pareto_nbd_gamma_gamma,2011-05-01,2.875979749841308e-14,2.842170943040401e-14
6m,pareto_nbd_seasonal_gamma_gamma,2011-05-01,2.846336955132222e-14,2.842170943040401e-14
6m,pareto_nbd_gamma_gamma,2011-06-01,2.844392111787437e-14,2.842170943040401e-14
6m,pareto_nbd_seasonal_gamma_gamma,2011-06-01,2.870568206193856e-14,2.842170943040401e-14
