model,k,pca,pca_components,mean_silhouette,mean_davies_bouldin,mean_seed_ari,minimum_segment_share
kmeans_pca,2,True,5,0.3211927517047167,1.1892942439701635,0.9947094751814105,0.4392828035859821
kmeans_pca,3,True,5,0.28157540501830736,1.3041374534195602,0.995206771243853,0.22840260798696008
kmeans_pca,4,True,5,0.2674759546743633,1.2676078333071032,1.0,0.17277913610431947
kmeans_pca,5,True,5,0.2703715728269674,1.2853780325605504,0.9980947470967505,0.15892420537897312
kmeans_pca,6,True,5,0.2537485286752634,1.278337112930452,0.996298042505714,0.10656071719641402
kmeans_pca,7,True,5,0.2722235513178473,1.1906060435869703,0.9929979557841506,0.09046454767726161
kmeans_pca,8,True,5,0.2708271823927713,1.158106075207212,0.9045919167844527,0.0876120619396903
kmeans_no_pca,2,False,11,0.29371523819166945,1.2891685185124817,0.9979637880548022,0.44050529747351264
kmeans_no_pca,3,False,11,0.2536811985714045,1.4250494988119724,1.0,0.22860635696821516
kmeans_no_pca,4,False,11,0.23607748370775597,1.3891518243249752,0.9994151712325046,0.1750203748981255
kmeans_no_pca,5,False,11,0.23937723031083494,1.4366176560371422,0.9975863299116432,0.15953545232273839
kmeans_no_pca,6,False,11,0.2586336035844801,1.337260723441996,0.99517160836063,0.09494702526487367
kmeans_no_pca,7,False,11,0.23960701409359508,1.33168426705595,0.9253604826026043,0.09352078239608802
kmeans_no_pca,8,False,11,0.24351964683608193,1.265551107033797,0.9941872497502082,0.06540342298288508
